device_id,device_type,manufacturer_class,model_family,measurement_domain,sampling_profile,reliability_class,facility_id,patient_assignment_type,active,assigned_patient_id
DEV-00001,HOME_MONITOR,RISA_SYNTHETIC,M-2,MULTIVARIATE,VARIABLE,R2_STANDARD,FAC-05,DEDICATED,True,PAT-0001
WRB-00001,WRIST_WEARABLE,RISA_SYNTHETIC,W-2,ACTIVITY_AND_PULSE,5-15 min,R2_STANDARD,FAC-07,DEDICATED,True,PAT-0001
DEV-00002,HOME_MONITOR,RISA_SYNTHETIC,M-3,MULTIVARIATE,VARIABLE,R2_STANDARD,FAC-05,DEDICATED,True,PAT-0002
WRB-00002,WRIST_WEARABLE,RISA_SYNTHETIC,W-3,ACTIVITY_AND_PULSE,5-15 min,R3_VARIABLE,FAC-07,DEDICATED,True,PAT-0002
DEV-00003,HOME_MONITOR,RISA_SYNTHETIC,M-4,MULTIVARIATE,VARIABLE,R3_VARIABLE,FAC-05,DEDICATED,True,PAT-0003
WRB-00003,WRIST_WEARABLE,RISA_SYNTHETIC,W-4,ACTIVITY_AND_PULSE,5-15 min,R3_VARIABLE,FAC-07,DEDICATED,True,PAT-0003
DEV-00004,HOME_MONITOR,RISA_SYNTHETIC,M-5,MULTIVARIATE,VARIABLE,R1_HIGH,FAC-05,DEDICATED,True,PAT-0004
WRB-00004,WRIST_WEARABLE,RISA_SYNTHETIC,W-1,ACTIVITY_AND_PULSE,5-15 min,R2_STANDARD,FAC-07,DEDICATED,True,PAT-0004
DEV-00005,HOME_MONITOR,RISA_SYNTHETIC,M-1,MULTIVARIATE,VARIABLE,R1_HIGH,FAC-05,DEDICATED,True,PAT-0005
WRB-00005,WRIST_WEARABLE,RISA_SYNTHETIC,W-2,ACTIVITY_AND_PULSE,5-15 min,R2_STANDARD,FAC-07,DEDICATED,True,PAT-0005
DEV-00006,HOME_MONITOR,RISA_SYNTHETIC,M-2,MULTIVARIATE,VARIABLE,R2_STANDARD,FAC-05,DEDICATED,True,PAT-0006
WRB-00006,WRIST_WEARABLE,RISA_SYNTHETIC,W-3,ACTIVITY_AND_PULSE,5-15 min,R2_STANDARD,FAC-07,DEDICATED,True,PAT-0006
DEV-00007,HOME_MONITOR,RISA_SYNTHETIC,M-3,MULTIVARIATE,VARIABLE,R2_STANDARD,FAC-05,DEDICATED,True,PAT-0007
WRB-00007,WRIST_WEARABLE,RISA_SYNTHETIC,W-4,ACTIVITY_AND_PULSE,5-15 min,R2_STANDARD,FAC-07,DEDICATED,True,PAT-0007
DEV-00008,HOME_MONITOR,RISA_SYNTHETIC,M-4,MULTIVARIATE,VARIABLE,R1_HIGH,FAC-05,DEDICATED,True,PAT-0008
WRB-00008,WRIST_WEARABLE,RISA_SYNTHETIC,W-1,ACTIVITY_AND_PULSE,5-15 min,R2_STANDARD,FAC-07,DEDICATED,True,PAT-0008
DEV-00009,HOME_MONITOR,RISA_SYNTHETIC,M-5,MULTIVARIATE,VARIABLE,R2_STANDARD,FAC-05,DEDICATED,True,PAT-0009
WRB-00009,WRIST_WEARABLE,RISA_SYNTHETIC,W-2,ACTIVITY_AND_PULSE,5-15 min,R2_STANDARD,FAC-07,DEDICATED,True,PAT-0009
DEV-00010,CLINICAL_MONITOR,RISA_SYNTHETIC,M-1,MULTIVARIATE,VARIABLE,R1_HIGH,FAC-01,DEDICATED,True,PAT-0010
WRB-00010,WRIST_WEARABLE,RISA_SYNTHETIC,W-3,ACTIVITY_AND_PULSE,5-15 min,R2_STANDARD,FAC-07,DEDICATED,True,PAT-0010
DEV-00011,HOME_MONITOR,RISA_SYNTHETIC,M-2,MULTIVARIATE,VARIABLE,R2_STANDARD,FAC-05,DEDICATED,True,PAT-0011
WRB-00011,WRIST_WEARABLE,RISA_SYNTHETIC,W-4,ACTIVITY_AND_PULSE,5-15 min,R2_STANDARD,FAC-07,DEDICATED,True,PAT-0011
DEV-00012,HOME_MONITOR,RISA_SYNTHETIC,M-3,MULTIVARIATE,VARIABLE,R2_STANDARD,FAC-05,DEDICATED,True,PAT-0012
WRB-00012,WRIST_WEARABLE,RISA_SYNTHETIC,W-1,ACTIVITY_AND_PULSE,5-15 min,R2_STANDARD,FAC-07,DEDICATED,True,PAT-0012
DEV-00013,CLINICAL_MONITOR,RISA_SYNTHETIC,M-4,MULTIVARIATE,VARIABLE,R2_STANDARD,FAC-01,DEDICATED,True,PAT-0013
WRB-00013,WRIST_WEARABLE,RISA_SYNTHETIC,W-2,ACTIVITY_AND_PULSE,5-15 min,R3_VARIABLE,FAC-07,DEDICATED,True,PAT-0013
DEV-00014,HOME_MONITOR,RISA_SYNTHETIC,M-5,MULTIVARIATE,VARIABLE,R2_STANDARD,FAC-05,DEDICATED,True,PAT-0014
WRB-00014,WRIST_WEARABLE,RISA_SYNTHETIC,W-3,ACTIVITY_AND_PULSE,5-15 min,R3_VARIABLE,FAC-07,DEDICATED,True,PAT-0014
DEV-00015,HOME_MONITOR,RISA_SYNTHETIC,M-1,MULTIVARIATE,VARIABLE,R2_STANDARD,FAC-05,DEDICATED,True,PAT-0015
WRB-00015,WRIST_WEARABLE,RISA_SYNTHETIC,W-4,ACTIVITY_AND_PULSE,5-15 min,R2_STANDARD,FAC-07,DEDICATED,True,PAT-0015
DEV-00016,HOME_MONITOR,RISA_SYNTHETIC,M-2,MULTIVARIATE,VARIABLE,R2_STANDARD,FAC-05,DEDICATED,True,PAT-0016
WRB-00016,WRIST_WEARABLE,RISA_SYNTHETIC,W-1,ACTIVITY_AND_PULSE,5-15 min,R2_STANDARD,FAC-07,DEDICATED,True,PAT-0016
DEV-00017,CLINICAL_MONITOR,RISA_SYNTHETIC,M-3,MULTIVARIATE,VARIABLE,R1_HIGH,FAC-01,DEDICATED,True,PAT-0017
WRB-00017,WRIST_WEARABLE,RISA_SYNTHETIC,W-2,ACTIVITY_AND_PULSE,5-15 min,R2_STANDARD,FAC-07,DEDICATED,True,PAT-0017
DEV-00018,HOME_MONITOR,RISA_SYNTHETIC,M-4,MULTIVARIATE,VARIABLE,R1_HIGH,FAC-05,DEDICATED,True,PAT-0018
WRB-00018,WRIST_WEARABLE,RISA_SYNTHETIC,W-3,ACTIVITY_AND_PULSE,5-15 min,R3_VARIABLE,FAC-07,DEDICATED,True,PAT-0018
DEV-00019,HOME_MONITOR,RISA_SYNTHETIC,M-5,MULTIVARIATE,VARIABLE,R3_VARIABLE,FAC-05,DEDICATED,True,PAT-0019
WRB-00019,WRIST_WEARABLE,RISA_SYNTHETIC,W-4,ACTIVITY_AND_PULSE,5-15 min,R2_STANDARD,FAC-07,DEDICATED,True,PAT-0019
DEV-00020,CLINICAL_MONITOR,RISA_SYNTHETIC,M-1,MULTIVARIATE,VARIABLE,R2_STANDARD,FAC-01,DEDICATED,True,PAT-0020
WRB-00020,WRIST_WEARABLE,RISA_SYNTHETIC,W-1,ACTIVITY_AND_PULSE,5-15 min,R2_STANDARD,FAC-07,DEDICATED,True,PAT-0020
DEV-00021,CLINICAL_MONITOR,RISA_SYNTHETIC,M-2,MULTIVARIATE,VARIABLE,R2_STANDARD,FAC-01,DEDICATED,True,PAT-0021
WRB-00021,WRIST_WEARABLE,RISA_SYNTHETIC,W-2,ACTIVITY_AND_PULSE,5-15 min,R2_STANDARD,FAC-07,DEDICATED,True,PAT-0021
DEV-00022,HOME_MONITOR,RISA_SYNTHETIC,M-3,MULTIVARIATE,VARIABLE,R2_STANDARD,FAC-05,DEDICATED,True,PAT-0022
WRB-00022,WRIST_WEARABLE,RISA_SYNTHETIC,W-3,ACTIVITY_AND_PULSE,5-15 min,R2_STANDARD,FAC-07,DEDICATED,True,PAT-0022
DEV-00023,CLINICAL_MONITOR,RISA_SYNTHETIC,M-4,MULTIVARIATE,VARIABLE,R2_STANDARD,FAC-01,DEDICATED,True,PAT-0023
WRB-00023,WRIST_WEARABLE,RISA_SYNTHETIC,W-4,ACTIVITY_AND_PULSE,5-15 min,R2_STANDARD,FAC-07,DEDICATED,True,PAT-0023
DEV-00024,HOME_MONITOR,RISA_SYNTHETIC,M-5,MULTIVARIATE,VARIABLE,R2_STANDARD,FAC-05,DEDICATED,True,PAT-0024
WRB-00024,WRIST_WEARABLE,RISA_SYNTHETIC,W-1,ACTIVITY_AND_PULSE,5-15 min,R2_STANDARD,FAC-07,DEDICATED,True,PAT-0024
DEV-00025,HOME_MONITOR,RISA_SYNTHETIC,M-1,MULTIVARIATE,VARIABLE,R3_VARIABLE,FAC-05,DEDICATED,True,PAT-0025
WRB-00025,WRIST_WEARABLE,RISA_SYNTHETIC,W-2,ACTIVITY_AND_PULSE,5-15 min,R3_VARIABLE,FAC-07,DEDICATED,True,PAT-0025
DEV-00026,HOME_MONITOR,RISA_SYNTHETIC,M-2,MULTIVARIATE,VARIABLE,R3_VARIABLE,FAC-05,DEDICATED,True,PAT-0026
WRB-00026,WRIST_WEARABLE,RISA_SYNTHETIC,W-3,ACTIVITY_AND_PULSE,5-15 min,R2_STANDARD,FAC-07,DEDICATED,True,PAT-0026
DEV-00027,HOME_MONITOR,RISA_SYNTHETIC,M-3,MULTIVARIATE,VARIABLE,R3_VARIABLE,FAC-05,DEDICATED,True,PAT-0027
WRB-00027,WRIST_WEARABLE,RISA_SYNTHETIC,W-4,ACTIVITY_AND_PULSE,5-15 min,R2_STANDARD,FAC-07,DEDICATED,True,PAT-0027
DEV-00028,HOME_MONITOR,RISA_SYNTHETIC,M-4,MULTIVARIATE,VARIABLE,R1_HIGH,FAC-05,DEDICATED,True,PAT-0028
WRB-00028,WRIST_WEARABLE,RISA_SYNTHETIC,W-1,ACTIVITY_AND_PULSE,5-15 min,R2_STANDARD,FAC-07,DEDICATED,True,PAT-0028
DEV-00029,CLINICAL_MONITOR,RISA_SYNTHETIC,M-5,MULTIVARIATE,VARIABLE,R2_STANDARD,FAC-01,DEDICATED,True,PAT-0029
WRB-00029,WRIST_WEARABLE,RISA_SYNTHETIC,W-2,ACTIVITY_AND_PULSE,5-15 min,R3_VARIABLE,FAC-07,DEDICATED,True,PAT-0029
DEV-00030,CLINICAL_MONITOR,RISA_SYNTHETIC,M-1,MULTIVARIATE,VARIABLE,R1_HIGH,FAC-01,DEDICATED,True,PAT-0030
WRB-00030,WRIST_WEARABLE,RISA_SYNTHETIC,W-3,ACTIVITY_AND_PULSE,5-15 min,R2_STANDARD,FAC-07,DEDICATED,True,PAT-0030
DEV-00031,HOME_MONITOR,RISA_SYNTHETIC,M-2,MULTIVARIATE,VARIABLE,R1_HIGH,FAC-05,DEDICATED,True,PAT-0031
WRB-00031,WRIST_WEARABLE,RISA_SYNTHETIC,W-4,ACTIVITY_AND_PULSE,5-15 min,R2_STANDARD,FAC-07,DEDICATED,True,PAT-0031
DEV-00032,HOME_MONITOR,RISA_SYNTHETIC,M-3,MULTIVARIATE,VARIABLE,R1_HIGH,FAC-05,DEDICATED,True,PAT-0032
WRB-00032,WRIST_WEARABLE,RISA_SYNTHETIC,W-1,ACTIVITY_AND_PULSE,5-15 min,R2_STANDARD,FAC-07,DEDICATED,True,PAT-0032
DEV-00033,CLINICAL_MONITOR,RISA_SYNTHETIC,M-4,MULTIVARIATE,VARIABLE,R3_VARIABLE,FAC-01,DEDICATED,True,PAT-0033
WRB-00033,WRIST_WEARABLE,RISA_SYNTHETIC,W-2,ACTIVITY_AND_PULSE,5-15 min,R2_STANDARD,FAC-07,DEDICATED,True,PAT-0033
DEV-00034,HOME_MONITOR,RISA_SYNTHETIC,M-5,MULTIVARIATE,VARIABLE,R2_STANDARD,FAC-05,DEDICATED,True,PAT-0034
WRB-00034,WRIST_WEARABLE,RISA_SYNTHETIC,W-3,ACTIVITY_AND_PULSE,5-15 min,R3_VARIABLE,FAC-07,DEDICATED,True,PAT-0034
DEV-00035,HOME_MONITOR,RISA_SYNTHETIC,M-1,MULTIVARIATE,VARIABLE,R3_VARIABLE,FAC-05,DEDICATED,True,PAT-0035
WRB-00035,WRIST_WEARABLE,RISA_SYNTHETIC,W-4,ACTIVITY_AND_PULSE,5-15 min,R2_STANDARD,FAC-07,DEDICATED,True,PAT-0035
DEV-00036,HOME_MONITOR,RISA_SYNTHETIC,M-2,MULTIVARIATE,VARIABLE,R2_STANDARD,FAC-05,DEDICATED,True,PAT-0036
WRB-00036,WRIST_WEARABLE,RISA_SYNTHETIC,W-1,ACTIVITY_AND_PULSE,5-15 min,R3_VARIABLE,FAC-07,DEDICATED,True,PAT-0036
DEV-00037,HOME_MONITOR,RISA_SYNTHETIC,M-3,MULTIVARIATE,VARIABLE,R1_HIGH,FAC-05,DEDICATED,True,PAT-0037
WRB-00037,WRIST_WEARABLE,RISA_SYNTHETIC,W-2,ACTIVITY_AND_PULSE,5-15 min,R2_STANDARD,FAC-07,DEDICATED,True,PAT-0037
DEV-00038,CLINICAL_MONITOR,RISA_SYNTHETIC,M-4,MULTIVARIATE,VARIABLE,R1_HIGH,FAC-01,DEDICATED,True,PAT-0038
WRB-00038,WRIST_WEARABLE,RISA_SYNTHETIC,W-3,ACTIVITY_AND_PULSE,5-15 min,R2_STANDARD,FAC-07,DEDICATED,True,PAT-0038
DEV-00039,HOME_MONITOR,RISA_SYNTHETIC,M-5,MULTIVARIATE,VARIABLE,R2_STANDARD,FAC-05,DEDICATED,True,PAT-0039
WRB-00039,WRIST_WEARABLE,RISA_SYNTHETIC,W-4,ACTIVITY_AND_PULSE,5-15 min,R2_STANDARD,FAC-07,DEDICATED,True,PAT-0039
DEV-00040,CLINICAL_MONITOR,RISA_SYNTHETIC,M-1,MULTIVARIATE,VARIABLE,R2_STANDARD,FAC-01,DEDICATED,True,PAT-0040
WRB-00040,WRIST_WEARABLE,RISA_SYNTHETIC,W-1,ACTIVITY_AND_PULSE,5-15 min,R2_STANDARD,FAC-07,DEDICATED,True,PAT-0040
DEV-00041,HOME_MONITOR,RISA_SYNTHETIC,M-2,MULTIVARIATE,VARIABLE,R1_HIGH,FAC-05,DEDICATED,True,PAT-0041
WRB-00041,WRIST_WEARABLE,RISA_SYNTHETIC,W-2,ACTIVITY_AND_PULSE,5-15 min,R2_STANDARD,FAC-07,DEDICATED,True,PAT-0041
DEV-00042,HOME_MONITOR,RISA_SYNTHETIC,M-3,MULTIVARIATE,VARIABLE,R2_STANDARD,FAC-05,DEDICATED,True,PAT-0042
WRB-00042,WRIST_WEARABLE,RISA_SYNTHETIC,W-3,ACTIVITY_AND_PULSE,5-15 min,R3_VARIABLE,FAC-07,DEDICATED,True,PAT-0042
DEV-00043,HOME_MONITOR,RISA_SYNTHETIC,M-4,MULTIVARIATE,VARIABLE,R2_STANDARD,FAC-05,DEDICATED,True,PAT-0043
WRB-00043,WRIST_WEARABLE,RISA_SYNTHETIC,W-4,ACTIVITY_AND_PULSE,5-15 min,R2_STANDARD,FAC-07,DEDICATED,True,PAT-0043
DEV-00044,HOME_MONITOR,RISA_SYNTHETIC,M-5,MULTIVARIATE,VARIABLE,R1_HIGH,FAC-05,DEDICATED,True,PAT-0044
WRB-00044,WRIST_WEARABLE,RISA_SYNTHETIC,W-1,ACTIVITY_AND_PULSE,5-15 min,R3_VARIABLE,FAC-07,DEDICATED,True,PAT-0044
DEV-00045,CLINICAL_MONITOR,RISA_SYNTHETIC,M-1,MULTIVARIATE,VARIABLE,R2_STANDARD,FAC-01,DEDICATED,True,PAT-0045
WRB-00045,WRIST_WEARABLE,RISA_SYNTHETIC,W-2,ACTIVITY_AND_PULSE,5-15 min,R2_STANDARD,FAC-07,DEDICATED,True,PAT-0045
DEV-00046,HOME_MONITOR,RISA_SYNTHETIC,M-2,MULTIVARIATE,VARIABLE,R2_STANDARD,FAC-05,DEDICATED,True,PAT-0046
WRB-00046,WRIST_WEARABLE,RISA_SYNTHETIC,W-3,ACTIVITY_AND_PULSE,5-15 min,R2_STANDARD,FAC-07,DEDICATED,True,PAT-0046
DEV-00047,CLINICAL_MONITOR,RISA_SYNTHETIC,M-3,MULTIVARIATE,VARIABLE,R2_STANDARD,FAC-01,DEDICATED,True,PAT-0047
WRB-00047,WRIST_WEARABLE,RISA_SYNTHETIC,W-4,ACTIVITY_AND_PULSE,5-15 min,R3_VARIABLE,FAC-07,DEDICATED,True,PAT-0047
DEV-00048,HOME_MONITOR,RISA_SYNTHETIC,M-4,MULTIVARIATE,VARIABLE,R3_VARIABLE,FAC-05,DEDICATED,True,PAT-0048
WRB-00048,WRIST_WEARABLE,RISA_SYNTHETIC,W-1,ACTIVITY_AND_PULSE,5-15 min,R2_STANDARD,FAC-07,DEDICATED,True,PAT-0048
DEV-00049,HOME_MONITOR,RISA_SYNTHETIC,M-5,MULTIVARIATE,VARIABLE,R3_VARIABLE,FAC-05,DEDICATED,True,PAT-0049
WRB-00049,WRIST_WEARABLE,RISA_SYNTHETIC,W-2,ACTIVITY_AND_PULSE,5-15 min,R2_STANDARD,FAC-07,DEDICATED,True,PAT-0049
DEV-00050,HOME_MONITOR,RISA_SYNTHETIC,M-1,MULTIVARIATE,VARIABLE,R2_STANDARD,FAC-05,DEDICATED,True,PAT-0050
WRB-00050,WRIST_WEARABLE,RISA_SYNTHETIC,W-3,ACTIVITY_AND_PULSE,5-15 min,R2_STANDARD,FAC-07,DEDICATED,True,PAT-0050
DEV-00051,HOME_MONITOR,RISA_SYNTHETIC,M-2,MULTIVARIATE,VARIABLE,R2_STANDARD,FAC-05,DEDICATED,True,PAT-0051
WRB-00051,WRIST_WEARABLE,RISA_SYNTHETIC,W-4,ACTIVITY_AND_PULSE,5-15 min,R3_VARIABLE,FAC-07,DEDICATED,True,PAT-0051
DEV-00052,HOME_MONITOR,RISA_SYNTHETIC,M-3,MULTIVARIATE,VARIABLE,R2_STANDARD,FAC-05,DEDICATED,True,PAT-0052
WRB-00052,WRIST_WEARABLE,RISA_SYNTHETIC,W-1,ACTIVITY_AND_PULSE,5-15 min,R3_VARIABLE,FAC-07,DEDICATED,True,PAT-0052
DEV-00053,HOME_MONITOR,RISA_SYNTHETIC,M-4,MULTIVARIATE,VARIABLE,R1_HIGH,FAC-05,DEDICATED,True,PAT-0053
WRB-00053,WRIST_WEARABLE,RISA_SYNTHETIC,W-2,ACTIVITY_AND_PULSE,5-15 min,R2_STANDARD,FAC-07,DEDICATED,True,PAT-0053
DEV-00054,HOME_MONITOR,RISA_SYNTHETIC,M-5,MULTIVARIATE,VARIABLE,R2_STANDARD,FAC-05,DEDICATED,True,PAT-0054
WRB-00054,WRIST_WEARABLE,RISA_SYNTHETIC,W-3,ACTIVITY_AND_PULSE,5-15 min,R2_STANDARD,FAC-07,DEDICATED,True,PAT-0054
DEV-00055,HOME_MONITOR,RISA_SYNTHETIC,M-1,MULTIVARIATE,VARIABLE,R2_STANDARD,FAC-05,DEDICATED,True,PAT-0055
WRB-00055,WRIST_WEARABLE,RISA_SYNTHETIC,W-4,ACTIVITY_AND_PULSE,5-15 min,R3_VARIABLE,FAC-07,DEDICATED,True,PAT-0055
DEV-00056,CLINICAL_MONITOR,RISA_SYNTHETIC,M-2,MULTIVARIATE,VARIABLE,R2_STANDARD,FAC-01,DEDICATED,True,PAT-0056
WRB-00056,WRIST_WEARABLE,RISA_SYNTHETIC,W-1,ACTIVITY_AND_PULSE,5-15 min,R2_STANDARD,FAC-07,DEDICATED,True,PAT-0056
DEV-00057,CLINICAL_MONITOR,RISA_SYNTHETIC,M-3,MULTIVARIATE,VARIABLE,R3_VARIABLE,FAC-01,DEDICATED,True,PAT-0057
WRB-00057,WRIST_WEARABLE,RISA_SYNTHETIC,W-2,ACTIVITY_AND_PULSE,5-15 min,R2_STANDARD,FAC-07,DEDICATED,True,PAT-0057
DEV-00058,HOME_MONITOR,RISA_SYNTHETIC,M-4,MULTIVARIATE,VARIABLE,R2_STANDARD,FAC-05,DEDICATED,True,PAT-0058
WRB-00058,WRIST_WEARABLE,RISA_SYNTHETIC,W-3,ACTIVITY_AND_PULSE,5-15 min,R2_STANDARD,FAC-07,DEDICATED,True,PAT-0058
DEV-00059,HOME_MONITOR,RISA_SYNTHETIC,M-5,MULTIVARIATE,VARIABLE,R3_VARIABLE,FAC-05,DEDICATED,True,PAT-0059
WRB-00059,WRIST_WEARABLE,RISA_SYNTHETIC,W-4,ACTIVITY_AND_PULSE,5-15 min,R3_VARIABLE,FAC-07,DEDICATED,True,PAT-0059
DEV-00060,HOME_MONITOR,RISA_SYNTHETIC,M-1,MULTIVARIATE,VARIABLE,R2_STANDARD,FAC-05,DEDICATED,True,PAT-0060
WRB-00060,WRIST_WEARABLE,RISA_SYNTHETIC,W-1,ACTIVITY_AND_PULSE,5-15 min,R2_STANDARD,FAC-07,DEDICATED,True,PAT-0060
DEV-00061,HOME_MONITOR,RISA_SYNTHETIC,M-2,MULTIVARIATE,VARIABLE,R2_STANDARD,FAC-05,DEDICATED,True,PAT-0061
WRB-00061,WRIST_WEARABLE,RISA_SYNTHETIC,W-2,ACTIVITY_AND_PULSE,5-15 min,R2_STANDARD,FAC-07,DEDICATED,True,PAT-0061
DEV-00062,CLINICAL_MONITOR,RISA_SYNTHETIC,M-3,MULTIVARIATE,VARIABLE,R2_STANDARD,FAC-01,DEDICATED,True,PAT-0062
WRB-00062,WRIST_WEARABLE,RISA_SYNTHETIC,W-3,ACTIVITY_AND_PULSE,5-15 min,R2_STANDARD,FAC-07,DEDICATED,True,PAT-0062
DEV-00063,HOME_MONITOR,RISA_SYNTHETIC,M-4,MULTIVARIATE,VARIABLE,R1_HIGH,FAC-05,DEDICATED,True,PAT-0063
WRB-00063,WRIST_WEARABLE,RISA_SYNTHETIC,W-4,ACTIVITY_AND_PULSE,5-15 min,R3_VARIABLE,FAC-07,DEDICATED,True,PAT-0063
DEV-00064,HOME_MONITOR,RISA_SYNTHETIC,M-5,MULTIVARIATE,VARIABLE,R1_HIGH,FAC-05,DEDICATED,True,PAT-0064
WRB-00064,WRIST_WEARABLE,RISA_SYNTHETIC,W-1,ACTIVITY_AND_PULSE,5-15 min,R2_STANDARD,FAC-07,DEDICATED,True,PAT-0064
DEV-00065,CLINICAL_MONITOR,RISA_SYNTHETIC,M-1,MULTIVARIATE,VARIABLE,R3_VARIABLE,FAC-01,DEDICATED,True,PAT-0065
WRB-00065,WRIST_WEARABLE,RISA_SYNTHETIC,W-2,ACTIVITY_AND_PULSE,5-15 min,R2_STANDARD,FAC-07,DEDICATED,True,PAT-0065
DEV-00066,HOME_MONITOR,RISA_SYNTHETIC,M-2,MULTIVARIATE,VARIABLE,R2_STANDARD,FAC-05,DEDICATED,True,PAT-0066
WRB-00066,WRIST_WEARABLE,RISA_SYNTHETIC,W-3,ACTIVITY_AND_PULSE,5-15 min,R2_STANDARD,FAC-07,DEDICATED,True,PAT-0066
DEV-00067,CLINICAL_MONITOR,RISA_SYNTHETIC,M-3,MULTIVARIATE,VARIABLE,R2_STANDARD,FAC-01,DEDICATED,True,PAT-0067
WRB-00067,WRIST_WEARABLE,RISA_SYNTHETIC,W-4,ACTIVITY_AND_PULSE,5-15 min,R2_STANDARD,FAC-07,DEDICATED,True,PAT-0067
DEV-00068,HOME_MONITOR,RISA_SYNTHETIC,M-4,MULTIVARIATE,VARIABLE,R3_VARIABLE,FAC-05,DEDICATED,True,PAT-0068
WRB-00068,WRIST_WEARABLE,RISA_SYNTHETIC,W-1,ACTIVITY_AND_PULSE,5-15 min,R2_STANDARD,FAC-07,DEDICATED,True,PAT-0068
DEV-00069,HOME_MONITOR,RISA_SYNTHETIC,M-5,MULTIVARIATE,VARIABLE,R1_HIGH,FAC-05,DEDICATED,True,PAT-0069
WRB-00069,WRIST_WEARABLE,RISA_SYNTHETIC,W-2,ACTIVITY_AND_PULSE,5-15 min,R3_VARIABLE,FAC-07,DEDICATED,True,PAT-0069
DEV-00070,CLINICAL_MONITOR,RISA_SYNTHETIC,M-1,MULTIVARIATE,VARIABLE,R2_STANDARD,FAC-01,DEDICATED,True,PAT-0070
WRB-00070,WRIST_WEARABLE,RISA_SYNTHETIC,W-3,ACTIVITY_AND_PULSE,5-15 min,R3_VARIABLE,FAC-07,DEDICATED,True,PAT-0070
DEV-00071,HOME_MONITOR,RISA_SYNTHETIC,M-2,MULTIVARIATE,VARIABLE,R2_STANDARD,FAC-05,DEDICATED,True,PAT-0071
WRB-00071,WRIST_WEARABLE,RISA_SYNTHETIC,W-4,ACTIVITY_AND_PULSE,5-15 min,R2_STANDARD,FAC-07,DEDICATED,True,PAT-0071
DEV-00072,CLINICAL_MONITOR,RISA_SYNTHETIC,M-3,MULTIVARIATE,VARIABLE,R3_VARIABLE,FAC-01,DEDICATED,True,PAT-0072
WRB-00072,WRIST_WEARABLE,RISA_SYNTHETIC,W-1,ACTIVITY_AND_PULSE,5-15 min,R2_STANDARD,FAC-07,DEDICATED,True,PAT-0072
DEV-00073,CLINICAL_MONITOR,RISA_SYNTHETIC,M-4,MULTIVARIATE,VARIABLE,R2_STANDARD,FAC-01,DEDICATED,True,PAT-0073
WRB-00073,WRIST_WEARABLE,RISA_SYNTHETIC,W-2,ACTIVITY_AND_PULSE,5-15 min,R3_VARIABLE,FAC-07,DEDICATED,True,PAT-0073
DEV-00074,CLINICAL_MONITOR,RISA_SYNTHETIC,M-5,MULTIVARIATE,VARIABLE,R3_VARIABLE,FAC-01,DEDICATED,True,PAT-0074
WRB-00074,WRIST_WEARABLE,RISA_SYNTHETIC,W-3,ACTIVITY_AND_PULSE,5-15 min,R2_STANDARD,FAC-07,DEDICATED,True,PAT-0074
DEV-00075,HOME_MONITOR,RISA_SYNTHETIC,M-1,MULTIVARIATE,VARIABLE,R2_STANDARD,FAC-05,DEDICATED,True,PAT-0075
WRB-00075,WRIST_WEARABLE,RISA_SYNTHETIC,W-4,ACTIVITY_AND_PULSE,5-15 min,R2_STANDARD,FAC-07,DEDICATED,True,PAT-0075
DEV-00076,HOME_MONITOR,RISA_SYNTHETIC,M-2,MULTIVARIATE,VARIABLE,R3_VARIABLE,FAC-05,DEDICATED,True,PAT-0076
WRB-00076,WRIST_WEARABLE,RISA_SYNTHETIC,W-1,ACTIVITY_AND_PULSE,5-15 min,R2_STANDARD,FAC-07,DEDICATED,True,PAT-0076
DEV-00077,CLINICAL_MONITOR,RISA_SYNTHETIC,M-3,MULTIVARIATE,VARIABLE,R2_STANDARD,FAC-01,DEDICATED,True,PAT-0077
WRB-00077,WRIST_WEARABLE,RISA_SYNTHETIC,W-2,ACTIVITY_AND_PULSE,5-15 min,R2_STANDARD,FAC-07,DEDICATED,True,PAT-0077
DEV-00078,HOME_MONITOR,RISA_SYNTHETIC,M-4,MULTIVARIATE,VARIABLE,R2_STANDARD,FAC-05,DEDICATED,True,PAT-0078
WRB-00078,WRIST_WEARABLE,RISA_SYNTHETIC,W-3,ACTIVITY_AND_PULSE,5-15 min,R2_STANDARD,FAC-07,DEDICATED,True,PAT-0078
DEV-00079,HOME_MONITOR,RISA_SYNTHETIC,M-5,MULTIVARIATE,VARIABLE,R2_STANDARD,FAC-05,DEDICATED,True,PAT-0079
WRB-00079,WRIST_WEARABLE,RISA_SYNTHETIC,W-4,ACTIVITY_AND_PULSE,5-15 min,R2_STANDARD,FAC-07,DEDICATED,True,PAT-0079
DEV-00080,CLINICAL_MONITOR,RISA_SYNTHETIC,M-1,MULTIVARIATE,VARIABLE,R2_STANDARD,FAC-01,DEDICATED,True,PAT-0080
WRB-00080,WRIST_WEARABLE,RISA_SYNTHETIC,W-1,ACTIVITY_AND_PULSE,5-15 min,R2_STANDARD,FAC-07,DEDICATED,True,PAT-0080
DEV-00081,HOME_MONITOR,RISA_SYNTHETIC,M-2,MULTIVARIATE,VARIABLE,R2_STANDARD,FAC-05,DEDICATED,True,PAT-0081
WRB-00081,WRIST_WEARABLE,RISA_SYNTHETIC,W-2,ACTIVITY_AND_PULSE,5-15 min,R2_STANDARD,FAC-07,DEDICATED,True,PAT-0081
DEV-00082,HOME_MONITOR,RISA_SYNTHETIC,M-3,MULTIVARIATE,VARIABLE,R2_STANDARD,FAC-05,DEDICATED,True,PAT-0082
WRB-00082,WRIST_WEARABLE,RISA_SYNTHETIC,W-3,ACTIVITY_AND_PULSE,5-15 min,R3_VARIABLE,FAC-07,DEDICATED,True,PAT-0082
DEV-00083,CLINICAL_MONITOR,RISA_SYNTHETIC,M-4,MULTIVARIATE,VARIABLE,R1_HIGH,FAC-01,DEDICATED,True,PAT-0083
WRB-00083,WRIST_WEARABLE,RISA_SYNTHETIC,W-4,ACTIVITY_AND_PULSE,5-15 min,R2_STANDARD,FAC-07,DEDICATED,True,PAT-0083
DEV-00084,HOME_MONITOR,RISA_SYNTHETIC,M-5,MULTIVARIATE,VARIABLE,R1_HIGH,FAC-05,DEDICATED,True,PAT-0084
WRB-00084,WRIST_WEARABLE,RISA_SYNTHETIC,W-1,ACTIVITY_AND_PULSE,5-15 min,R2_STANDARD,FAC-07,DEDICATED,True,PAT-0084
DEV-00085,CLINICAL_MONITOR,RISA_SYNTHETIC,M-1,MULTIVARIATE,VARIABLE,R2_STANDARD,FAC-01,DEDICATED,True,PAT-0085
WRB-00085,WRIST_WEARABLE,RISA_SYNTHETIC,W-2,ACTIVITY_AND_PULSE,5-15 min,R2_STANDARD,FAC-07,DEDICATED,True,PAT-0085
DEV-00086,CLINICAL_MONITOR,RISA_SYNTHETIC,M-2,MULTIVARIATE,VARIABLE,R2_STANDARD,FAC-01,DEDICATED,True,PAT-0086
WRB-00086,WRIST_WEARABLE,RISA_SYNTHETIC,W-3,ACTIVITY_AND_PULSE,5-15 min,R2_STANDARD,FAC-07,DEDICATED,True,PAT-0086
DEV-00087,HOME_MONITOR,RISA_SYNTHETIC,M-3,MULTIVARIATE,VARIABLE,R2_STANDARD,FAC-05,DEDICATED,True,PAT-0087
WRB-00087,WRIST_WEARABLE,RISA_SYNTHETIC,W-4,ACTIVITY_AND_PULSE,5-15 min,R2_STANDARD,FAC-07,DEDICATED,True,PAT-0087
DEV-00088,HOME_MONITOR,RISA_SYNTHETIC,M-4,MULTIVARIATE,VARIABLE,R2_STANDARD,FAC-05,DEDICATED,True,PAT-0088
WRB-00088,WRIST_WEARABLE,RISA_SYNTHETIC,W-1,ACTIVITY_AND_PULSE,5-15 min,R2_STANDARD,FAC-07,DEDICATED,True,PAT-0088
DEV-00089,HOME_MONITOR,RISA_SYNTHETIC,M-5,MULTIVARIATE,VARIABLE,R1_HIGH,FAC-05,DEDICATED,True,PAT-0089
WRB-00089,WRIST_WEARABLE,RISA_SYNTHETIC,W-2,ACTIVITY_AND_PULSE,5-15 min,R3_VARIABLE,FAC-07,DEDICATED,True,PAT-0089
DEV-00090,HOME_MONITOR,RISA_SYNTHETIC,M-1,MULTIVARIATE,VARIABLE,R3_VARIABLE,FAC-05,DEDICATED,True,PAT-0090
WRB-00090,WRIST_WEARABLE,RISA_SYNTHETIC,W-3,ACTIVITY_AND_PULSE,5-15 min,R3_VARIABLE,FAC-07,DEDICATED,True,PAT-0090
DEV-00091,HOME_MONITOR,RISA_SYNTHETIC,M-2,MULTIVARIATE,VARIABLE,R2_STANDARD,FAC-05,DEDICATED,True,PAT-0091
WRB-00091,WRIST_WEARABLE,RISA_SYNTHETIC,W-4,ACTIVITY_AND_PULSE,5-15 min,R2_STANDARD,FAC-07,DEDICATED,True,PAT-0091
DEV-00092,HOME_MONITOR,RISA_SYNTHETIC,M-3,MULTIVARIATE,VARIABLE,R2_STANDARD,FAC-05,DEDICATED,True,PAT-0092
WRB-00092,WRIST_WEARABLE,RISA_SYNTHETIC,W-1,ACTIVITY_AND_PULSE,5-15 min,R2_STANDARD,FAC-07,DEDICATED,True,PAT-0092
DEV-00093,CLINICAL_MONITOR,RISA_SYNTHETIC,M-4,MULTIVARIATE,VARIABLE,R2_STANDARD,FAC-01,DEDICATED,True,PAT-0093
WRB-00093,WRIST_WEARABLE,RISA_SYNTHETIC,W-2,ACTIVITY_AND_PULSE,5-15 min,R2_STANDARD,FAC-07,DEDICATED,True,PAT-0093
DEV-00094,CLINICAL_MONITOR,RISA_SYNTHETIC,M-5,MULTIVARIATE,VARIABLE,R2_STANDARD,FAC-01,DEDICATED,True,PAT-0094
WRB-00094,WRIST_WEARABLE,RISA_SYNTHETIC,W-3,ACTIVITY_AND_PULSE,5-15 min,R2_STANDARD,FAC-07,DEDICATED,True,PAT-0094
DEV-00095,HOME_MONITOR,RISA_SYNTHETIC,M-1,MULTIVARIATE,VARIABLE,R2_STANDARD,FAC-05,DEDICATED,True,PAT-0095
WRB-00095,WRIST_WEARABLE,RISA_SYNTHETIC,W-4,ACTIVITY_AND_PULSE,5-15 min,R2_STANDARD,FAC-07,DEDICATED,True,PAT-0095
DEV-00096,HOME_MONITOR,RISA_SYNTHETIC,M-2,MULTIVARIATE,VARIABLE,R2_STANDARD,FAC-05,DEDICATED,True,PAT-0096
WRB-00096,WRIST_WEARABLE,RISA_SYNTHETIC,W-1,ACTIVITY_AND_PULSE,5-15 min,R3_VARIABLE,FAC-07,DEDICATED,True,PAT-0096
DEV-00097,CLINICAL_MONITOR,RISA_SYNTHETIC,M-3,MULTIVARIATE,VARIABLE,R2_STANDARD,FAC-01,DEDICATED,True,PAT-0097
WRB-00097,WRIST_WEARABLE,RISA_SYNTHETIC,W-2,ACTIVITY_AND_PULSE,5-15 min,R2_STANDARD,FAC-07,DEDICATED,True,PAT-0097
DEV-00098,CLINICAL_MONITOR,RISA_SYNTHETIC,M-4,MULTIVARIATE,VARIABLE,R2_STANDARD,FAC-01,DEDICATED,True,PAT-0098
WRB-00098,WRIST_WEARABLE,RISA_SYNTHETIC,W-3,ACTIVITY_AND_PULSE,5-15 min,R3_VARIABLE,FAC-07,DEDICATED,True,PAT-0098
DEV-00099,HOME_MONITOR,RISA_SYNTHETIC,M-5,MULTIVARIATE,VARIABLE,R3_VARIABLE,FAC-05,DEDICATED,True,PAT-0099
WRB-00099,WRIST_WEARABLE,RISA_SYNTHETIC,W-4,ACTIVITY_AND_PULSE,5-15 min,R2_STANDARD,FAC-07,DEDICATED,True,PAT-0099
DEV-00100,HOME_MONITOR,RISA_SYNTHETIC,M-1,MULTIVARIATE,VARIABLE,R2_STANDARD,FAC-05,DEDICATED,True,PAT-0100
WRB-00100,WRIST_WEARABLE,RISA_SYNTHETIC,W-1,ACTIVITY_AND_PULSE,5-15 min,R3_VARIABLE,FAC-07,DEDICATED,True,PAT-0100
DEV-00101,HOME_MONITOR,RISA_SYNTHETIC,M-2,MULTIVARIATE,VARIABLE,R2_STANDARD,FAC-05,DEDICATED,True,PAT-0101
WRB-00101,WRIST_WEARABLE,RISA_SYNTHETIC,W-2,ACTIVITY_AND_PULSE,5-15 min,R2_STANDARD,FAC-07,DEDICATED,True,PAT-0101
DEV-00102,CLINICAL_MONITOR,RISA_SYNTHETIC,M-3,MULTIVARIATE,VARIABLE,R1_HIGH,FAC-01,DEDICATED,True,PAT-0102
WRB-00102,WRIST_WEARABLE,RISA_SYNTHETIC,W-3,ACTIVITY_AND_PULSE,5-15 min,R2_STANDARD,FAC-07,DEDICATED,True,PAT-0102
DEV-00103,HOME_MONITOR,RISA_SYNTHETIC,M-4,MULTIVARIATE,VARIABLE,R2_STANDARD,FAC-05,DEDICATED,True,PAT-0103
WRB-00103,WRIST_WEARABLE,RISA_SYNTHETIC,W-4,ACTIVITY_AND_PULSE,5-15 min,R3_VARIABLE,FAC-07,DEDICATED,True,PAT-0103
DEV-00104,HOME_MONITOR,RISA_SYNTHETIC,M-5,MULTIVARIATE,VARIABLE,R2_STANDARD,FAC-05,DEDICATED,True,PAT-0104
WRB-00104,WRIST_WEARABLE,RISA_SYNTHETIC,W-1,ACTIVITY_AND_PULSE,5-15 min,R3_VARIABLE,FAC-07,DEDICATED,True,PAT-0104
DEV-00105,HOME_MONITOR,RISA_SYNTHETIC,M-1,MULTIVARIATE,VARIABLE,R2_STANDARD,FAC-05,DEDICATED,True,PAT-0105
WRB-00105,WRIST_WEARABLE,RISA_SYNTHETIC,W-2,ACTIVITY_AND_PULSE,5-15 min,R3_VARIABLE,FAC-07,DEDICATED,True,PAT-0105
DEV-00106,HOME_MONITOR,RISA_SYNTHETIC,M-2,MULTIVARIATE,VARIABLE,R2_STANDARD,FAC-05,DEDICATED,True,PAT-0106
WRB-00106,WRIST_WEARABLE,RISA_SYNTHETIC,W-3,ACTIVITY_AND_PULSE,5-15 min,R2_STANDARD,FAC-07,DEDICATED,True,PAT-0106
DEV-00107,HOME_MONITOR,RISA_SYNTHETIC,M-3,MULTIVARIATE,VARIABLE,R2_STANDARD,FAC-05,DEDICATED,True,PAT-0107
WRB-00107,WRIST_WEARABLE,RISA_SYNTHETIC,W-4,ACTIVITY_AND_PULSE,5-15 min,R2_STANDARD,FAC-07,DEDICATED,True,PAT-0107
DEV-00108,HOME_MONITOR,RISA_SYNTHETIC,M-4,MULTIVARIATE,VARIABLE,R2_STANDARD,FAC-05,DEDICATED,True,PAT-0108
WRB-00108,WRIST_WEARABLE,RISA_SYNTHETIC,W-1,ACTIVITY_AND_PULSE,5-15 min,R2_STANDARD,FAC-07,DEDICATED,True,PAT-0108
DEV-00109,HOME_MONITOR,RISA_SYNTHETIC,M-5,MULTIVARIATE,VARIABLE,R3_VARIABLE,FAC-05,DEDICATED,True,PAT-0109
WRB-00109,WRIST_WEARABLE,RISA_SYNTHETIC,W-2,ACTIVITY_AND_PULSE,5-15 min,R2_STANDARD,FAC-07,DEDICATED,True,PAT-0109
DEV-00110,HOME_MONITOR,RISA_SYNTHETIC,M-1,MULTIVARIATE,VARIABLE,R2_STANDARD,FAC-05,DEDICATED,True,PAT-0110
WRB-00110,WRIST_WEARABLE,RISA_SYNTHETIC,W-3,ACTIVITY_AND_PULSE,5-15 min,R3_VARIABLE,FAC-07,DEDICATED,True,PAT-0110
DEV-00111,CLINICAL_MONITOR,RISA_SYNTHETIC,M-2,MULTIVARIATE,VARIABLE,R2_STANDARD,FAC-01,DEDICATED,True,PAT-0111
WRB-00111,WRIST_WEARABLE,RISA_SYNTHETIC,W-4,ACTIVITY_AND_PULSE,5-15 min,R2_STANDARD,FAC-07,DEDICATED,True,PAT-0111
DEV-00112,CLINICAL_MONITOR,RISA_SYNTHETIC,M-3,MULTIVARIATE,VARIABLE,R2_STANDARD,FAC-01,DEDICATED,True,PAT-0112
WRB-00112,WRIST_WEARABLE,RISA_SYNTHETIC,W-1,ACTIVITY_AND_PULSE,5-15 min,R2_STANDARD,FAC-07,DEDICATED,True,PAT-0112
DEV-00113,HOME_MONITOR,RISA_SYNTHETIC,M-4,MULTIVARIATE,VARIABLE,R1_HIGH,FAC-05,DEDICATED,True,PAT-0113
WRB-00113,WRIST_WEARABLE,RISA_SYNTHETIC,W-2,ACTIVITY_AND_PULSE,5-15 min,R3_VARIABLE,FAC-07,DEDICATED,True,PAT-0113
DEV-00114,CLINICAL_MONITOR,RISA_SYNTHETIC,M-5,MULTIVARIATE,VARIABLE,R2_STANDARD,FAC-01,DEDICATED,True,PAT-0114
WRB-00114,WRIST_WEARABLE,RISA_SYNTHETIC,W-3,ACTIVITY_AND_PULSE,5-15 min,R2_STANDARD,FAC-07,DEDICATED,True,PAT-0114
DEV-00115,HOME_MONITOR,RISA_SYNTHETIC,M-1,MULTIVARIATE,VARIABLE,R3_VARIABLE,FAC-05,DEDICATED,True,PAT-0115
WRB-00115,WRIST_WEARABLE,RISA_SYNTHETIC,W-4,ACTIVITY_AND_PULSE,5-15 min,R2_STANDARD,FAC-07,DEDICATED,True,PAT-0115
DEV-00116,CLINICAL_MONITOR,RISA_SYNTHETIC,M-2,MULTIVARIATE,VARIABLE,R3_VARIABLE,FAC-01,DEDICATED,True,PAT-0116
WRB-00116,WRIST_WEARABLE,RISA_SYNTHETIC,W-1,ACTIVITY_AND_PULSE,5-15 min,R2_STANDARD,FAC-07,DEDICATED,True,PAT-0116
DEV-00117,HOME_MONITOR,RISA_SYNTHETIC,M-3,MULTIVARIATE,VARIABLE,R1_HIGH,FAC-05,DEDICATED,True,PAT-0117
WRB-00117,WRIST_WEARABLE,RISA_SYNTHETIC,W-2,ACTIVITY_AND_PULSE,5-15 min,R3_VARIABLE,FAC-07,DEDICATED,True,PAT-0117
DEV-00118,CLINICAL_MONITOR,RISA_SYNTHETIC,M-4,MULTIVARIATE,VARIABLE,R2_STANDARD,FAC-01,DEDICATED,True,PAT-0118
WRB-00118,WRIST_WEARABLE,RISA_SYNTHETIC,W-3,ACTIVITY_AND_PULSE,5-15 min,R3_VARIABLE,FAC-07,DEDICATED,True,PAT-0118
DEV-00119,HOME_MONITOR,RISA_SYNTHETIC,M-5,MULTIVARIATE,VARIABLE,R1_HIGH,FAC-05,DEDICATED,True,PAT-0119
WRB-00119,WRIST_WEARABLE,RISA_SYNTHETIC,W-4,ACTIVITY_AND_PULSE,5-15 min,R3_VARIABLE,FAC-07,DEDICATED,True,PAT-0119
DEV-00120,CLINICAL_MONITOR,RISA_SYNTHETIC,M-1,MULTIVARIATE,VARIABLE,R2_STANDARD,FAC-01,DEDICATED,True,PAT-0120
WRB-00120,WRIST_WEARABLE,RISA_SYNTHETIC,W-1,ACTIVITY_AND_PULSE,5-15 min,R2_STANDARD,FAC-07,DEDICATED,True,PAT-0120
DEV-00121,CLINICAL_MONITOR,RISA_SYNTHETIC,M-2,MULTIVARIATE,VARIABLE,R2_STANDARD,FAC-01,DEDICATED,True,PAT-0121
WRB-00121,WRIST_WEARABLE,RISA_SYNTHETIC,W-2,ACTIVITY_AND_PULSE,5-15 min,R2_STANDARD,FAC-07,DEDICATED,True,PAT-0121
DEV-00122,HOME_MONITOR,RISA_SYNTHETIC,M-3,MULTIVARIATE,VARIABLE,R2_STANDARD,FAC-05,DEDICATED,True,PAT-0122
WRB-00122,WRIST_WEARABLE,RISA_SYNTHETIC,W-3,ACTIVITY_AND_PULSE,5-15 min,R2_STANDARD,FAC-07,DEDICATED,True,PAT-0122
DEV-00123,HOME_MONITOR,RISA_SYNTHETIC,M-4,MULTIVARIATE,VARIABLE,R1_HIGH,FAC-05,DEDICATED,True,PAT-0123
WRB-00123,WRIST_WEARABLE,RISA_SYNTHETIC,W-4,ACTIVITY_AND_PULSE,5-15 min,R2_STANDARD,FAC-07,DEDICATED,True,PAT-0123
DEV-00124,CLINICAL_MONITOR,RISA_SYNTHETIC,M-5,MULTIVARIATE,VARIABLE,R2_STANDARD,FAC-01,DEDICATED,True,PAT-0124
WRB-00124,WRIST_WEARABLE,RISA_SYNTHETIC,W-1,ACTIVITY_AND_PULSE,5-15 min,R2_STANDARD,FAC-07,DEDICATED,True,PAT-0124
DEV-00125,CLINICAL_MONITOR,RISA_SYNTHETIC,M-1,MULTIVARIATE,VARIABLE,R2_STANDARD,FAC-01,DEDICATED,True,PAT-0125
WRB-00125,WRIST_WEARABLE,RISA_SYNTHETIC,W-2,ACTIVITY_AND_PULSE,5-15 min,R2_STANDARD,FAC-07,DEDICATED,True,PAT-0125
DEV-00126,HOME_MONITOR,RISA_SYNTHETIC,M-2,MULTIVARIATE,VARIABLE,R3_VARIABLE,FAC-05,DEDICATED,True,PAT-0126
WRB-00126,WRIST_WEARABLE,RISA_SYNTHETIC,W-3,ACTIVITY_AND_PULSE,5-15 min,R3_VARIABLE,FAC-07,DEDICATED,True,PAT-0126
DEV-00127,HOME_MONITOR,RISA_SYNTHETIC,M-3,MULTIVARIATE,VARIABLE,R1_HIGH,FAC-05,DEDICATED,True,PAT-0127
WRB-00127,WRIST_WEARABLE,RISA_SYNTHETIC,W-4,ACTIVITY_AND_PULSE,5-15 min,R2_STANDARD,FAC-07,DEDICATED,True,PAT-0127
DEV-00128,HOME_MONITOR,RISA_SYNTHETIC,M-4,MULTIVARIATE,VARIABLE,R1_HIGH,FAC-05,DEDICATED,True,PAT-0128
WRB-00128,WRIST_WEARABLE,RISA_SYNTHETIC,W-1,ACTIVITY_AND_PULSE,5-15 min,R2_STANDARD,FAC-07,DEDICATED,True,PAT-0128
DEV-00129,HOME_MONITOR,RISA_SYNTHETIC,M-5,MULTIVARIATE,VARIABLE,R1_HIGH,FAC-05,DEDICATED,True,PAT-0129
WRB-00129,WRIST_WEARABLE,RISA_SYNTHETIC,W-2,ACTIVITY_AND_PULSE,5-15 min,R2_STANDARD,FAC-07,DEDICATED,True,PAT-0129
DEV-00130,HOME_MONITOR,RISA_SYNTHETIC,M-1,MULTIVARIATE,VARIABLE,R3_VARIABLE,FAC-05,DEDICATED,True,PAT-0130
WRB-00130,WRIST_WEARABLE,RISA_SYNTHETIC,W-3,ACTIVITY_AND_PULSE,5-15 min,R2_STANDARD,FAC-07,DEDICATED,True,PAT-0130
DEV-00131,CLINICAL_MONITOR,RISA_SYNTHETIC,M-2,MULTIVARIATE,VARIABLE,R1_HIGH,FAC-01,DEDICATED,True,PAT-0131
WRB-00131,WRIST_WEARABLE,RISA_SYNTHETIC,W-4,ACTIVITY_AND_PULSE,5-15 min,R2_STANDARD,FAC-07,DEDICATED,True,PAT-0131
DEV-00132,HOME_MONITOR,RISA_SYNTHETIC,M-3,MULTIVARIATE,VARIABLE,R2_STANDARD,FAC-05,DEDICATED,True,PAT-0132
WRB-00132,WRIST_WEARABLE,RISA_SYNTHETIC,W-1,ACTIVITY_AND_PULSE,5-15 min,R2_STANDARD,FAC-07,DEDICATED,True,PAT-0132
DEV-00133,HOME_MONITOR,RISA_SYNTHETIC,M-4,MULTIVARIATE,VARIABLE,R2_STANDARD,FAC-05,DEDICATED,True,PAT-0133
WRB-00133,WRIST_WEARABLE,RISA_SYNTHETIC,W-2,ACTIVITY_AND_PULSE,5-15 min,R2_STANDARD,FAC-07,DEDICATED,True,PAT-0133
DEV-00134,HOME_MONITOR,RISA_SYNTHETIC,M-5,MULTIVARIATE,VARIABLE,R3_VARIABLE,FAC-05,DEDICATED,True,PAT-0134
WRB-00134,WRIST_WEARABLE,RISA_SYNTHETIC,W-3,ACTIVITY_AND_PULSE,5-15 min,R3_VARIABLE,FAC-07,DEDICATED,True,PAT-0134
DEV-00135,HOME_MONITOR,RISA_SYNTHETIC,M-1,MULTIVARIATE,VARIABLE,R3_VARIABLE,FAC-05,DEDICATED,True,PAT-0135
WRB-00135,WRIST_WEARABLE,RISA_SYNTHETIC,W-4,ACTIVITY_AND_PULSE,5-15 min,R2_STANDARD,FAC-07,DEDICATED,True,PAT-0135
DEV-00136,HOME_MONITOR,RISA_SYNTHETIC,M-2,MULTIVARIATE,VARIABLE,R3_VARIABLE,FAC-05,DEDICATED,True,PAT-0136
WRB-00136,WRIST_WEARABLE,RISA_SYNTHETIC,W-1,ACTIVITY_AND_PULSE,5-15 min,R3_VARIABLE,FAC-07,DEDICATED,True,PAT-0136
DEV-00137,HOME_MONITOR,RISA_SYNTHETIC,M-3,MULTIVARIATE,VARIABLE,R2_STANDARD,FAC-05,DEDICATED,True,PAT-0137
WRB-00137,WRIST_WEARABLE,RISA_SYNTHETIC,W-2,ACTIVITY_AND_PULSE,5-15 min,R2_STANDARD,FAC-07,DEDICATED,True,PAT-0137
DEV-00138,CLINICAL_MONITOR,RISA_SYNTHETIC,M-4,MULTIVARIATE,VARIABLE,R2_STANDARD,FAC-01,DEDICATED,True,PAT-0138
WRB-00138,WRIST_WEARABLE,RISA_SYNTHETIC,W-3,ACTIVITY_AND_PULSE,5-15 min,R3_VARIABLE,FAC-07,DEDICATED,True,PAT-0138
DEV-00139,HOME_MONITOR,RISA_SYNTHETIC,M-5,MULTIVARIATE,VARIABLE,R2_STANDARD,FAC-05,DEDICATED,True,PAT-0139
WRB-00139,WRIST_WEARABLE,RISA_SYNTHETIC,W-4,ACTIVITY_AND_PULSE,5-15 min,R2_STANDARD,FAC-07,DEDICATED,True,PAT-0139
DEV-00140,HOME_MONITOR,RISA_SYNTHETIC,M-1,MULTIVARIATE,VARIABLE,R2_STANDARD,FAC-05,DEDICATED,True,PAT-0140
WRB-00140,WRIST_WEARABLE,RISA_SYNTHETIC,W-1,ACTIVITY_AND_PULSE,5-15 min,R2_STANDARD,FAC-07,DEDICATED,True,PAT-0140
DEV-00141,CLINICAL_MONITOR,RISA_SYNTHETIC,M-2,MULTIVARIATE,VARIABLE,R3_VARIABLE,FAC-01,DEDICATED,True,PAT-0141
WRB-00141,WRIST_WEARABLE,RISA_SYNTHETIC,W-2,ACTIVITY_AND_PULSE,5-15 min,R3_VARIABLE,FAC-07,DEDICATED,True,PAT-0141
DEV-00142,HOME_MONITOR,RISA_SYNTHETIC,M-3,MULTIVARIATE,VARIABLE,R2_STANDARD,FAC-05,DEDICATED,True,PAT-0142
WRB-00142,WRIST_WEARABLE,RISA_SYNTHETIC,W-3,ACTIVITY_AND_PULSE,5-15 min,R3_VARIABLE,FAC-07,DEDICATED,True,PAT-0142
DEV-00143,HOME_MONITOR,RISA_SYNTHETIC,M-4,MULTIVARIATE,VARIABLE,R3_VARIABLE,FAC-05,DEDICATED,True,PAT-0143
WRB-00143,WRIST_WEARABLE,RISA_SYNTHETIC,W-4,ACTIVITY_AND_PULSE,5-15 min,R2_STANDARD,FAC-07,DEDICATED,True,PAT-0143
DEV-00144,HOME_MONITOR,RISA_SYNTHETIC,M-5,MULTIVARIATE,VARIABLE,R1_HIGH,FAC-05,DEDICATED,True,PAT-0144
WRB-00144,WRIST_WEARABLE,RISA_SYNTHETIC,W-1,ACTIVITY_AND_PULSE,5-15 min,R2_STANDARD,FAC-07,DEDICATED,True,PAT-0144
DEV-00145,HOME_MONITOR,RISA_SYNTHETIC,M-1,MULTIVARIATE,VARIABLE,R2_STANDARD,FAC-05,DEDICATED,True,PAT-0145
WRB-00145,WRIST_WEARABLE,RISA_SYNTHETIC,W-2,ACTIVITY_AND_PULSE,5-15 min,R2_STANDARD,FAC-07,DEDICATED,True,PAT-0145
DEV-00146,HOME_MONITOR,RISA_SYNTHETIC,M-2,MULTIVARIATE,VARIABLE,R2_STANDARD,FAC-05,DEDICATED,True,PAT-0146
WRB-00146,WRIST_WEARABLE,RISA_SYNTHETIC,W-3,ACTIVITY_AND_PULSE,5-15 min,R2_STANDARD,FAC-07,DEDICATED,True,PAT-0146
DEV-00147,HOME_MONITOR,RISA_SYNTHETIC,M-3,MULTIVARIATE,VARIABLE,R2_STANDARD,FAC-05,DEDICATED,True,PAT-0147
WRB-00147,WRIST_WEARABLE,RISA_SYNTHETIC,W-4,ACTIVITY_AND_PULSE,5-15 min,R2_STANDARD,FAC-07,DEDICATED,True,PAT-0147
DEV-00148,HOME_MONITOR,RISA_SYNTHETIC,M-4,MULTIVARIATE,VARIABLE,R3_VARIABLE,FAC-05,DEDICATED,True,PAT-0148
WRB-00148,WRIST_WEARABLE,RISA_SYNTHETIC,W-1,ACTIVITY_AND_PULSE,5-15 min,R3_VARIABLE,FAC-07,DEDICATED,True,PAT-0148
DEV-00149,HOME_MONITOR,RISA_SYNTHETIC,M-5,MULTIVARIATE,VARIABLE,R1_HIGH,FAC-05,DEDICATED,True,PAT-0149
WRB-00149,WRIST_WEARABLE,RISA_SYNTHETIC,W-2,ACTIVITY_AND_PULSE,5-15 min,R2_STANDARD,FAC-07,DEDICATED,True,PAT-0149
DEV-00150,HOME_MONITOR,RISA_SYNTHETIC,M-1,MULTIVARIATE,VARIABLE,R1_HIGH,FAC-05,DEDICATED,True,PAT-0150
WRB-00150,WRIST_WEARABLE,RISA_SYNTHETIC,W-3,ACTIVITY_AND_PULSE,5-15 min,R3_VARIABLE,FAC-07,DEDICATED,True,PAT-0150
DEV-00151,HOME_MONITOR,RISA_SYNTHETIC,M-2,MULTIVARIATE,VARIABLE,R2_STANDARD,FAC-05,DEDICATED,True,PAT-0151
WRB-00151,WRIST_WEARABLE,RISA_SYNTHETIC,W-4,ACTIVITY_AND_PULSE,5-15 min,R2_STANDARD,FAC-07,DEDICATED,True,PAT-0151
DEV-00152,CLINICAL_MONITOR,RISA_SYNTHETIC,M-3,MULTIVARIATE,VARIABLE,R2_STANDARD,FAC-01,DEDICATED,True,PAT-0152
WRB-00152,WRIST_WEARABLE,RISA_SYNTHETIC,W-1,ACTIVITY_AND_PULSE,5-15 min,R3_VARIABLE,FAC-07,DEDICATED,True,PAT-0152
DEV-00153,CLINICAL_MONITOR,RISA_SYNTHETIC,M-4,MULTIVARIATE,VARIABLE,R1_HIGH,FAC-01,DEDICATED,True,PAT-0153
WRB-00153,WRIST_WEARABLE,RISA_SYNTHETIC,W-2,ACTIVITY_AND_PULSE,5-15 min,R2_STANDARD,FAC-07,DEDICATED,True,PAT-0153
DEV-00154,HOME_MONITOR,RISA_SYNTHETIC,M-5,MULTIVARIATE,VARIABLE,R2_STANDARD,FAC-05,DEDICATED,True,PAT-0154
WRB-00154,WRIST_WEARABLE,RISA_SYNTHETIC,W-3,ACTIVITY_AND_PULSE,5-15 min,R2_STANDARD,FAC-07,DEDICATED,True,PAT-0154
DEV-00155,HOME_MONITOR,RISA_SYNTHETIC,M-1,MULTIVARIATE,VARIABLE,R2_STANDARD,FAC-05,DEDICATED,True,PAT-0155
WRB-00155,WRIST_WEARABLE,RISA_SYNTHETIC,W-4,ACTIVITY_AND_PULSE,5-15 min,R3_VARIABLE,FAC-07,DEDICATED,True,PAT-0155
DEV-00156,HOME_MONITOR,RISA_SYNTHETIC,M-2,MULTIVARIATE,VARIABLE,R1_HIGH,FAC-05,DEDICATED,True,PAT-0156
WRB-00156,WRIST_WEARABLE,RISA_SYNTHETIC,W-1,ACTIVITY_AND_PULSE,5-15 min,R2_STANDARD,FAC-07,DEDICATED,True,PAT-0156
DEV-00157,CLINICAL_MONITOR,RISA_SYNTHETIC,M-3,MULTIVARIATE,VARIABLE,R1_HIGH,FAC-01,DEDICATED,True,PAT-0157
WRB-00157,WRIST_WEARABLE,RISA_SYNTHETIC,W-2,ACTIVITY_AND_PULSE,5-15 min,R2_STANDARD,FAC-07,DEDICATED,True,PAT-0157
DEV-00158,HOME_MONITOR,RISA_SYNTHETIC,M-4,MULTIVARIATE,VARIABLE,R3_VARIABLE,FAC-05,DEDICATED,True,PAT-0158
WRB-00158,WRIST_WEARABLE,RISA_SYNTHETIC,W-3,ACTIVITY_AND_PULSE,5-15 min,R2_STANDARD,FAC-07,DEDICATED,True,PAT-0158
DEV-00159,CLINICAL_MONITOR,RISA_SYNTHETIC,M-5,MULTIVARIATE,VARIABLE,R2_STANDARD,FAC-01,DEDICATED,True,PAT-0159
WRB-00159,WRIST_WEARABLE,RISA_SYNTHETIC,W-4,ACTIVITY_AND_PULSE,5-15 min,R3_VARIABLE,FAC-07,DEDICATED,True,PAT-0159
DEV-00160,CLINICAL_MONITOR,RISA_SYNTHETIC,M-1,MULTIVARIATE,VARIABLE,R1_HIGH,FAC-01,DEDICATED,True,PAT-0160
WRB-00160,WRIST_WEARABLE,RISA_SYNTHETIC,W-1,ACTIVITY_AND_PULSE,5-15 min,R2_STANDARD,FAC-07,DEDICATED,True,PAT-0160
DEV-00161,CLINICAL_MONITOR,RISA_SYNTHETIC,M-2,MULTIVARIATE,VARIABLE,R3_VARIABLE,FAC-01,DEDICATED,True,PAT-0161
WRB-00161,WRIST_WEARABLE,RISA_SYNTHETIC,W-2,ACTIVITY_AND_PULSE,5-15 min,R2_STANDARD,FAC-07,DEDICATED,True,PAT-0161
DEV-00162,HOME_MONITOR,RISA_SYNTHETIC,M-3,MULTIVARIATE,VARIABLE,R1_HIGH,FAC-05,DEDICATED,True,PAT-0162
WRB-00162,WRIST_WEARABLE,RISA_SYNTHETIC,W-3,ACTIVITY_AND_PULSE,5-15 min,R3_VARIABLE,FAC-07,DEDICATED,True,PAT-0162
DEV-00163,HOME_MONITOR,RISA_SYNTHETIC,M-4,MULTIVARIATE,VARIABLE,R3_VARIABLE,FAC-05,DEDICATED,True,PAT-0163
WRB-00163,WRIST_WEARABLE,RISA_SYNTHETIC,W-4,ACTIVITY_AND_PULSE,5-15 min,R3_VARIABLE,FAC-07,DEDICATED,True,PAT-0163
DEV-00164,HOME_MONITOR,RISA_SYNTHETIC,M-5,MULTIVARIATE,VARIABLE,R2_STANDARD,FAC-05,DEDICATED,True,PAT-0164
WRB-00164,WRIST_WEARABLE,RISA_SYNTHETIC,W-1,ACTIVITY_AND_PULSE,5-15 min,R2_STANDARD,FAC-07,DEDICATED,True,PAT-0164
DEV-00165,HOME_MONITOR,RISA_SYNTHETIC,M-1,MULTIVARIATE,VARIABLE,R1_HIGH,FAC-05,DEDICATED,True,PAT-0165
WRB-00165,WRIST_WEARABLE,RISA_SYNTHETIC,W-2,ACTIVITY_AND_PULSE,5-15 min,R2_STANDARD,FAC-07,DEDICATED,True,PAT-0165
DEV-00166,CLINICAL_MONITOR,RISA_SYNTHETIC,M-2,MULTIVARIATE,VARIABLE,R2_STANDARD,FAC-01,DEDICATED,True,PAT-0166
WRB-00166,WRIST_WEARABLE,RISA_SYNTHETIC,W-3,ACTIVITY_AND_PULSE,5-15 min,R3_VARIABLE,FAC-07,DEDICATED,True,PAT-0166
DEV-00167,HOME_MONITOR,RISA_SYNTHETIC,M-3,MULTIVARIATE,VARIABLE,R3_VARIABLE,FAC-05,DEDICATED,True,PAT-0167
WRB-00167,WRIST_WEARABLE,RISA_SYNTHETIC,W-4,ACTIVITY_AND_PULSE,5-15 min,R2_STANDARD,FAC-07,DEDICATED,True,PAT-0167
DEV-00168,HOME_MONITOR,RISA_SYNTHETIC,M-4,MULTIVARIATE,VARIABLE,R2_STANDARD,FAC-05,DEDICATED,True,PAT-0168
WRB-00168,WRIST_WEARABLE,RISA_SYNTHETIC,W-1,ACTIVITY_AND_PULSE,5-15 min,R2_STANDARD,FAC-07,DEDICATED,True,PAT-0168
DEV-00169,HOME_MONITOR,RISA_SYNTHETIC,M-5,MULTIVARIATE,VARIABLE,R1_HIGH,FAC-05,DEDICATED,True,PAT-0169
WRB-00169,WRIST_WEARABLE,RISA_SYNTHETIC,W-2,ACTIVITY_AND_PULSE,5-15 min,R3_VARIABLE,FAC-07,DEDICATED,True,PAT-0169
DEV-00170,CLINICAL_MONITOR,RISA_SYNTHETIC,M-1,MULTIVARIATE,VARIABLE,R3_VARIABLE,FAC-01,DEDICATED,True,PAT-0170
WRB-00170,WRIST_WEARABLE,RISA_SYNTHETIC,W-3,ACTIVITY_AND_PULSE,5-15 min,R3_VARIABLE,FAC-07,DEDICATED,True,PAT-0170
DEV-00171,CLINICAL_MONITOR,RISA_SYNTHETIC,M-2,MULTIVARIATE,VARIABLE,R3_VARIABLE,FAC-01,DEDICATED,True,PAT-0171
WRB-00171,WRIST_WEARABLE,RISA_SYNTHETIC,W-4,ACTIVITY_AND_PULSE,5-15 min,R2_STANDARD,FAC-07,DEDICATED,True,PAT-0171
DEV-00172,CLINICAL_MONITOR,RISA_SYNTHETIC,M-3,MULTIVARIATE,VARIABLE,R3_VARIABLE,FAC-01,DEDICATED,True,PAT-0172
WRB-00172,WRIST_WEARABLE,RISA_SYNTHETIC,W-1,ACTIVITY_AND_PULSE,5-15 min,R2_STANDARD,FAC-07,DEDICATED,True,PAT-0172
DEV-00173,HOME_MONITOR,RISA_SYNTHETIC,M-4,MULTIVARIATE,VARIABLE,R2_STANDARD,FAC-05,DEDICATED,True,PAT-0173
WRB-00173,WRIST_WEARABLE,RISA_SYNTHETIC,W-2,ACTIVITY_AND_PULSE,5-15 min,R2_STANDARD,FAC-07,DEDICATED,True,PAT-0173
DEV-00174,HOME_MONITOR,RISA_SYNTHETIC,M-5,MULTIVARIATE,VARIABLE,R1_HIGH,FAC-05,DEDICATED,True,PAT-0174
WRB-00174,WRIST_WEARABLE,RISA_SYNTHETIC,W-3,ACTIVITY_AND_PULSE,5-15 min,R2_STANDARD,FAC-07,DEDICATED,True,PAT-0174
DEV-00175,HOME_MONITOR,RISA_SYNTHETIC,M-1,MULTIVARIATE,VARIABLE,R3_VARIABLE,FAC-05,DEDICATED,True,PAT-0175
WRB-00175,WRIST_WEARABLE,RISA_SYNTHETIC,W-4,ACTIVITY_AND_PULSE,5-15 min,R2_STANDARD,FAC-07,DEDICATED,True,PAT-0175
DEV-00176,HOME_MONITOR,RISA_SYNTHETIC,M-2,MULTIVARIATE,VARIABLE,R2_STANDARD,FAC-05,DEDICATED,True,PAT-0176
WRB-00176,WRIST_WEARABLE,RISA_SYNTHETIC,W-1,ACTIVITY_AND_PULSE,5-15 min,R3_VARIABLE,FAC-07,DEDICATED,True,PAT-0176
DEV-00177,HOME_MONITOR,RISA_SYNTHETIC,M-3,MULTIVARIATE,VARIABLE,R1_HIGH,FAC-05,DEDICATED,True,PAT-0177
WRB-00177,WRIST_WEARABLE,RISA_SYNTHETIC,W-2,ACTIVITY_AND_PULSE,5-15 min,R3_VARIABLE,FAC-07,DEDICATED,True,PAT-0177
DEV-00178,HOME_MONITOR,RISA_SYNTHETIC,M-4,MULTIVARIATE,VARIABLE,R1_HIGH,FAC-05,DEDICATED,True,PAT-0178
WRB-00178,WRIST_WEARABLE,RISA_SYNTHETIC,W-3,ACTIVITY_AND_PULSE,5-15 min,R2_STANDARD,FAC-07,DEDICATED,True,PAT-0178
DEV-00179,HOME_MONITOR,RISA_SYNTHETIC,M-5,MULTIVARIATE,VARIABLE,R3_VARIABLE,FAC-05,DEDICATED,True,PAT-0179
WRB-00179,WRIST_WEARABLE,RISA_SYNTHETIC,W-4,ACTIVITY_AND_PULSE,5-15 min,R2_STANDARD,FAC-07,DEDICATED,True,PAT-0179
DEV-00180,CLINICAL_MONITOR,RISA_SYNTHETIC,M-1,MULTIVARIATE,VARIABLE,R2_STANDARD,FAC-01,DEDICATED,True,PAT-0180
WRB-00180,WRIST_WEARABLE,RISA_SYNTHETIC,W-1,ACTIVITY_AND_PULSE,5-15 min,R2_STANDARD,FAC-07,DEDICATED,True,PAT-0180
DEV-00181,HOME_MONITOR,RISA_SYNTHETIC,M-2,MULTIVARIATE,VARIABLE,R1_HIGH,FAC-05,DEDICATED,True,PAT-0181
WRB-00181,WRIST_WEARABLE,RISA_SYNTHETIC,W-2,ACTIVITY_AND_PULSE,5-15 min,R3_VARIABLE,FAC-07,DEDICATED,True,PAT-0181
DEV-00182,HOME_MONITOR,RISA_SYNTHETIC,M-3,MULTIVARIATE,VARIABLE,R2_STANDARD,FAC-05,DEDICATED,True,PAT-0182
WRB-00182,WRIST_WEARABLE,RISA_SYNTHETIC,W-3,ACTIVITY_AND_PULSE,5-15 min,R2_STANDARD,FAC-07,DEDICATED,True,PAT-0182
DEV-00183,HOME_MONITOR,RISA_SYNTHETIC,M-4,MULTIVARIATE,VARIABLE,R2_STANDARD,FAC-05,DEDICATED,True,PAT-0183
WRB-00183,WRIST_WEARABLE,RISA_SYNTHETIC,W-4,ACTIVITY_AND_PULSE,5-15 min,R3_VARIABLE,FAC-07,DEDICATED,True,PAT-0183
DEV-00184,HOME_MONITOR,RISA_SYNTHETIC,M-5,MULTIVARIATE,VARIABLE,R2_STANDARD,FAC-05,DEDICATED,True,PAT-0184
WRB-00184,WRIST_WEARABLE,RISA_SYNTHETIC,W-1,ACTIVITY_AND_PULSE,5-15 min,R2_STANDARD,FAC-07,DEDICATED,True,PAT-0184
DEV-00185,CLINICAL_MONITOR,RISA_SYNTHETIC,M-1,MULTIVARIATE,VARIABLE,R2_STANDARD,FAC-01,DEDICATED,True,PAT-0185
WRB-00185,WRIST_WEARABLE,RISA_SYNTHETIC,W-2,ACTIVITY_AND_PULSE,5-15 min,R2_STANDARD,FAC-07,DEDICATED,True,PAT-0185
DEV-00186,HOME_MONITOR,RISA_SYNTHETIC,M-2,MULTIVARIATE,VARIABLE,R2_STANDARD,FAC-05,DEDICATED,True,PAT-0186
WRB-00186,WRIST_WEARABLE,RISA_SYNTHETIC,W-3,ACTIVITY_AND_PULSE,5-15 min,R3_VARIABLE,FAC-07,DEDICATED,True,PAT-0186
DEV-00187,HOME_MONITOR,RISA_SYNTHETIC,M-3,MULTIVARIATE,VARIABLE,R2_STANDARD,FAC-05,DEDICATED,True,PAT-0187
WRB-00187,WRIST_WEARABLE,RISA_SYNTHETIC,W-4,ACTIVITY_AND_PULSE,5-15 min,R2_STANDARD,FAC-07,DEDICATED,True,PAT-0187
DEV-00188,CLINICAL_MONITOR,RISA_SYNTHETIC,M-4,MULTIVARIATE,VARIABLE,R2_STANDARD,FAC-01,DEDICATED,True,PAT-0188
WRB-00188,WRIST_WEARABLE,RISA_SYNTHETIC,W-1,ACTIVITY_AND_PULSE,5-15 min,R2_STANDARD,FAC-07,DEDICATED,True,PAT-0188
DEV-00189,HOME_MONITOR,RISA_SYNTHETIC,M-5,MULTIVARIATE,VARIABLE,R2_STANDARD,FAC-05,DEDICATED,True,PAT-0189
WRB-00189,WRIST_WEARABLE,RISA_SYNTHETIC,W-2,ACTIVITY_AND_PULSE,5-15 min,R2_STANDARD,FAC-07,DEDICATED,True,PAT-0189
DEV-00190,CLINICAL_MONITOR,RISA_SYNTHETIC,M-1,MULTIVARIATE,VARIABLE,R2_STANDARD,FAC-01,DEDICATED,True,PAT-0190
WRB-00190,WRIST_WEARABLE,RISA_SYNTHETIC,W-3,ACTIVITY_AND_PULSE,5-15 min,R2_STANDARD,FAC-07,DEDICATED,True,PAT-0190
DEV-00191,HOME_MONITOR,RISA_SYNTHETIC,M-2,MULTIVARIATE,VARIABLE,R2_STANDARD,FAC-05,DEDICATED,True,PAT-0191
WRB-00191,WRIST_WEARABLE,RISA_SYNTHETIC,W-4,ACTIVITY_AND_PULSE,5-15 min,R2_STANDARD,FAC-07,DEDICATED,True,PAT-0191
DEV-00192,HOME_MONITOR,RISA_SYNTHETIC,M-3,MULTIVARIATE,VARIABLE,R2_STANDARD,FAC-05,DEDICATED,True,PAT-0192
WRB-00192,WRIST_WEARABLE,RISA_SYNTHETIC,W-1,ACTIVITY_AND_PULSE,5-15 min,R2_STANDARD,FAC-07,DEDICATED,True,PAT-0192
DEV-00193,CLINICAL_MONITOR,RISA_SYNTHETIC,M-4,MULTIVARIATE,VARIABLE,R2_STANDARD,FAC-01,DEDICATED,True,PAT-0193
WRB-00193,WRIST_WEARABLE,RISA_SYNTHETIC,W-2,ACTIVITY_AND_PULSE,5-15 min,R2_STANDARD,FAC-07,DEDICATED,True,PAT-0193
DEV-00194,CLINICAL_MONITOR,RISA_SYNTHETIC,M-5,MULTIVARIATE,VARIABLE,R2_STANDARD,FAC-01,DEDICATED,True,PAT-0194
WRB-00194,WRIST_WEARABLE,RISA_SYNTHETIC,W-3,ACTIVITY_AND_PULSE,5-15 min,R2_STANDARD,FAC-07,DEDICATED,True,PAT-0194
DEV-00195,CLINICAL_MONITOR,RISA_SYNTHETIC,M-1,MULTIVARIATE,VARIABLE,R3_VARIABLE,FAC-01,DEDICATED,True,PAT-0195
WRB-00195,WRIST_WEARABLE,RISA_SYNTHETIC,W-4,ACTIVITY_AND_PULSE,5-15 min,R2_STANDARD,FAC-07,DEDICATED,True,PAT-0195
DEV-00196,HOME_MONITOR,RISA_SYNTHETIC,M-2,MULTIVARIATE,VARIABLE,R2_STANDARD,FAC-05,DEDICATED,True,PAT-0196
WRB-00196,WRIST_WEARABLE,RISA_SYNTHETIC,W-1,ACTIVITY_AND_PULSE,5-15 min,R2_STANDARD,FAC-07,DEDICATED,True,PAT-0196
DEV-00197,HOME_MONITOR,RISA_SYNTHETIC,M-3,MULTIVARIATE,VARIABLE,R2_STANDARD,FAC-05,DEDICATED,True,PAT-0197
WRB-00197,WRIST_WEARABLE,RISA_SYNTHETIC,W-2,ACTIVITY_AND_PULSE,5-15 min,R2_STANDARD,FAC-07,DEDICATED,True,PAT-0197
DEV-00198,HOME_MONITOR,RISA_SYNTHETIC,M-4,MULTIVARIATE,VARIABLE,R1_HIGH,FAC-05,DEDICATED,True,PAT-0198
WRB-00198,WRIST_WEARABLE,RISA_SYNTHETIC,W-3,ACTIVITY_AND_PULSE,5-15 min,R2_STANDARD,FAC-07,DEDICATED,True,PAT-0198
DEV-00199,CLINICAL_MONITOR,RISA_SYNTHETIC,M-5,MULTIVARIATE,VARIABLE,R1_HIGH,FAC-01,DEDICATED,True,PAT-0199
WRB-00199,WRIST_WEARABLE,RISA_SYNTHETIC,W-4,ACTIVITY_AND_PULSE,5-15 min,R3_VARIABLE,FAC-07,DEDICATED,True,PAT-0199
DEV-00200,HOME_MONITOR,RISA_SYNTHETIC,M-1,MULTIVARIATE,VARIABLE,R2_STANDARD,FAC-05,DEDICATED,True,PAT-0200
WRB-00200,WRIST_WEARABLE,RISA_SYNTHETIC,W-1,ACTIVITY_AND_PULSE,5-15 min,R3_VARIABLE,FAC-07,DEDICATED,True,PAT-0200
DEV-00201,HOME_MONITOR,RISA_SYNTHETIC,M-2,MULTIVARIATE,VARIABLE,R1_HIGH,FAC-05,DEDICATED,True,PAT-0201
WRB-00201,WRIST_WEARABLE,RISA_SYNTHETIC,W-2,ACTIVITY_AND_PULSE,5-15 min,R2_STANDARD,FAC-07,DEDICATED,True,PAT-0201
DEV-00202,HOME_MONITOR,RISA_SYNTHETIC,M-3,MULTIVARIATE,VARIABLE,R2_STANDARD,FAC-05,DEDICATED,True,PAT-0202
WRB-00202,WRIST_WEARABLE,RISA_SYNTHETIC,W-3,ACTIVITY_AND_PULSE,5-15 min,R2_STANDARD,FAC-07,DEDICATED,True,PAT-0202
DEV-00203,CLINICAL_MONITOR,RISA_SYNTHETIC,M-4,MULTIVARIATE,VARIABLE,R2_STANDARD,FAC-01,DEDICATED,True,PAT-0203
WRB-00203,WRIST_WEARABLE,RISA_SYNTHETIC,W-4,ACTIVITY_AND_PULSE,5-15 min,R2_STANDARD,FAC-07,DEDICATED,True,PAT-0203
DEV-00204,HOME_MONITOR,RISA_SYNTHETIC,M-5,MULTIVARIATE,VARIABLE,R2_STANDARD,FAC-05,DEDICATED,True,PAT-0204
WRB-00204,WRIST_WEARABLE,RISA_SYNTHETIC,W-1,ACTIVITY_AND_PULSE,5-15 min,R2_STANDARD,FAC-07,DEDICATED,True,PAT-0204
DEV-00205,HOME_MONITOR,RISA_SYNTHETIC,M-1,MULTIVARIATE,VARIABLE,R1_HIGH,FAC-05,DEDICATED,True,PAT-0205
WRB-00205,WRIST_WEARABLE,RISA_SYNTHETIC,W-2,ACTIVITY_AND_PULSE,5-15 min,R2_STANDARD,FAC-07,DEDICATED,True,PAT-0205
DEV-00206,HOME_MONITOR,RISA_SYNTHETIC,M-2,MULTIVARIATE,VARIABLE,R2_STANDARD,FAC-05,DEDICATED,True,PAT-0206
WRB-00206,WRIST_WEARABLE,RISA_SYNTHETIC,W-3,ACTIVITY_AND_PULSE,5-15 min,R3_VARIABLE,FAC-07,DEDICATED,True,PAT-0206
DEV-00207,HOME_MONITOR,RISA_SYNTHETIC,M-3,MULTIVARIATE,VARIABLE,R2_STANDARD,FAC-05,DEDICATED,True,PAT-0207
WRB-00207,WRIST_WEARABLE,RISA_SYNTHETIC,W-4,ACTIVITY_AND_PULSE,5-15 min,R2_STANDARD,FAC-07,DEDICATED,True,PAT-0207
DEV-00208,CLINICAL_MONITOR,RISA_SYNTHETIC,M-4,MULTIVARIATE,VARIABLE,R2_STANDARD,FAC-01,DEDICATED,True,PAT-0208
WRB-00208,WRIST_WEARABLE,RISA_SYNTHETIC,W-1,ACTIVITY_AND_PULSE,5-15 min,R3_VARIABLE,FAC-07,DEDICATED,True,PAT-0208
DEV-00209,HOME_MONITOR,RISA_SYNTHETIC,M-5,MULTIVARIATE,VARIABLE,R2_STANDARD,FAC-05,DEDICATED,True,PAT-0209
WRB-00209,WRIST_WEARABLE,RISA_SYNTHETIC,W-2,ACTIVITY_AND_PULSE,5-15 min,R2_STANDARD,FAC-07,DEDICATED,True,PAT-0209
DEV-00210,HOME_MONITOR,RISA_SYNTHETIC,M-1,MULTIVARIATE,VARIABLE,R1_HIGH,FAC-05,DEDICATED,True,PAT-0210
WRB-00210,WRIST_WEARABLE,RISA_SYNTHETIC,W-3,ACTIVITY_AND_PULSE,5-15 min,R2_STANDARD,FAC-07,DEDICATED,True,PAT-0210
DEV-00211,HOME_MONITOR,RISA_SYNTHETIC,M-2,MULTIVARIATE,VARIABLE,R2_STANDARD,FAC-05,DEDICATED,True,PAT-0211
WRB-00211,WRIST_WEARABLE,RISA_SYNTHETIC,W-4,ACTIVITY_AND_PULSE,5-15 min,R2_STANDARD,FAC-07,DEDICATED,True,PAT-0211
DEV-00212,HOME_MONITOR,RISA_SYNTHETIC,M-3,MULTIVARIATE,VARIABLE,R3_VARIABLE,FAC-05,DEDICATED,True,PAT-0212
WRB-00212,WRIST_WEARABLE,RISA_SYNTHETIC,W-1,ACTIVITY_AND_PULSE,5-15 min,R2_STANDARD,FAC-07,DEDICATED,True,PAT-0212
DEV-00213,HOME_MONITOR,RISA_SYNTHETIC,M-4,MULTIVARIATE,VARIABLE,R2_STANDARD,FAC-05,DEDICATED,True,PAT-0213
WRB-00213,WRIST_WEARABLE,RISA_SYNTHETIC,W-2,ACTIVITY_AND_PULSE,5-15 min,R2_STANDARD,FAC-07,DEDICATED,True,PAT-0213
DEV-00214,CLINICAL_MONITOR,RISA_SYNTHETIC,M-5,MULTIVARIATE,VARIABLE,R2_STANDARD,FAC-01,DEDICATED,True,PAT-0214
WRB-00214,WRIST_WEARABLE,RISA_SYNTHETIC,W-3,ACTIVITY_AND_PULSE,5-15 min,R2_STANDARD,FAC-07,DEDICATED,True,PAT-0214
DEV-00215,HOME_MONITOR,RISA_SYNTHETIC,M-1,MULTIVARIATE,VARIABLE,R2_STANDARD,FAC-05,DEDICATED,True,PAT-0215
WRB-00215,WRIST_WEARABLE,RISA_SYNTHETIC,W-4,ACTIVITY_AND_PULSE,5-15 min,R3_VARIABLE,FAC-07,DEDICATED,True,PAT-0215
DEV-00216,CLINICAL_MONITOR,RISA_SYNTHETIC,M-2,MULTIVARIATE,VARIABLE,R2_STANDARD,FAC-01,DEDICATED,True,PAT-0216
WRB-00216,WRIST_WEARABLE,RISA_SYNTHETIC,W-1,ACTIVITY_AND_PULSE,5-15 min,R3_VARIABLE,FAC-07,DEDICATED,True,PAT-0216
DEV-00217,CLINICAL_MONITOR,RISA_SYNTHETIC,M-3,MULTIVARIATE,VARIABLE,R2_STANDARD,FAC-01,DEDICATED,True,PAT-0217
WRB-00217,WRIST_WEARABLE,RISA_SYNTHETIC,W-2,ACTIVITY_AND_PULSE,5-15 min,R3_VARIABLE,FAC-07,DEDICATED,True,PAT-0217
DEV-00218,CLINICAL_MONITOR,RISA_SYNTHETIC,M-4,MULTIVARIATE,VARIABLE,R1_HIGH,FAC-01,DEDICATED,True,PAT-0218
WRB-00218,WRIST_WEARABLE,RISA_SYNTHETIC,W-3,ACTIVITY_AND_PULSE,5-15 min,R2_STANDARD,FAC-07,DEDICATED,True,PAT-0218
DEV-00219,HOME_MONITOR,RISA_SYNTHETIC,M-5,MULTIVARIATE,VARIABLE,R2_STANDARD,FAC-05,DEDICATED,True,PAT-0219
WRB-00219,WRIST_WEARABLE,RISA_SYNTHETIC,W-4,ACTIVITY_AND_PULSE,5-15 min,R2_STANDARD,FAC-07,DEDICATED,True,PAT-0219
DEV-00220,HOME_MONITOR,RISA_SYNTHETIC,M-1,MULTIVARIATE,VARIABLE,R2_STANDARD,FAC-05,DEDICATED,True,PAT-0220
WRB-00220,WRIST_WEARABLE,RISA_SYNTHETIC,W-1,ACTIVITY_AND_PULSE,5-15 min,R3_VARIABLE,FAC-07,DEDICATED,True,PAT-0220
DEV-00221,HOME_MONITOR,RISA_SYNTHETIC,M-2,MULTIVARIATE,VARIABLE,R2_STANDARD,FAC-05,DEDICATED,True,PAT-0221
WRB-00221,WRIST_WEARABLE,RISA_SYNTHETIC,W-2,ACTIVITY_AND_PULSE,5-15 min,R3_VARIABLE,FAC-07,DEDICATED,True,PAT-0221
DEV-00222,HOME_MONITOR,RISA_SYNTHETIC,M-3,MULTIVARIATE,VARIABLE,R1_HIGH,FAC-05,DEDICATED,True,PAT-0222
WRB-00222,WRIST_WEARABLE,RISA_SYNTHETIC,W-3,ACTIVITY_AND_PULSE,5-15 min,R2_STANDARD,FAC-07,DEDICATED,True,PAT-0222
DEV-00223,CLINICAL_MONITOR,RISA_SYNTHETIC,M-4,MULTIVARIATE,VARIABLE,R2_STANDARD,FAC-01,DEDICATED,True,PAT-0223
WRB-00223,WRIST_WEARABLE,RISA_SYNTHETIC,W-4,ACTIVITY_AND_PULSE,5-15 min,R2_STANDARD,FAC-07,DEDICATED,True,PAT-0223
DEV-00224,CLINICAL_MONITOR,RISA_SYNTHETIC,M-5,MULTIVARIATE,VARIABLE,R2_STANDARD,FAC-01,DEDICATED,True,PAT-0224
WRB-00224,WRIST_WEARABLE,RISA_SYNTHETIC,W-1,ACTIVITY_AND_PULSE,5-15 min,R2_STANDARD,FAC-07,DEDICATED,True,PAT-0224
DEV-00225,CLINICAL_MONITOR,RISA_SYNTHETIC,M-1,MULTIVARIATE,VARIABLE,R2_STANDARD,FAC-01,DEDICATED,True,PAT-0225
WRB-00225,WRIST_WEARABLE,RISA_SYNTHETIC,W-2,ACTIVITY_AND_PULSE,5-15 min,R2_STANDARD,FAC-07,DEDICATED,True,PAT-0225
DEV-00226,HOME_MONITOR,RISA_SYNTHETIC,M-2,MULTIVARIATE,VARIABLE,R2_STANDARD,FAC-05,DEDICATED,True,PAT-0226
WRB-00226,WRIST_WEARABLE,RISA_SYNTHETIC,W-3,ACTIVITY_AND_PULSE,5-15 min,R2_STANDARD,FAC-07,DEDICATED,True,PAT-0226
DEV-00227,HOME_MONITOR,RISA_SYNTHETIC,M-3,MULTIVARIATE,VARIABLE,R2_STANDARD,FAC-05,DEDICATED,True,PAT-0227
WRB-00227,WRIST_WEARABLE,RISA_SYNTHETIC,W-4,ACTIVITY_AND_PULSE,5-15 min,R2_STANDARD,FAC-07,DEDICATED,True,PAT-0227
DEV-00228,HOME_MONITOR,RISA_SYNTHETIC,M-4,MULTIVARIATE,VARIABLE,R2_STANDARD,FAC-05,DEDICATED,True,PAT-0228
WRB-00228,WRIST_WEARABLE,RISA_SYNTHETIC,W-1,ACTIVITY_AND_PULSE,5-15 min,R2_STANDARD,FAC-07,DEDICATED,True,PAT-0228
DEV-00229,HOME_MONITOR,RISA_SYNTHETIC,M-5,MULTIVARIATE,VARIABLE,R1_HIGH,FAC-05,DEDICATED,True,PAT-0229
WRB-00229,WRIST_WEARABLE,RISA_SYNTHETIC,W-2,ACTIVITY_AND_PULSE,5-15 min,R3_VARIABLE,FAC-07,DEDICATED,True,PAT-0229
DEV-00230,HOME_MONITOR,RISA_SYNTHETIC,M-1,MULTIVARIATE,VARIABLE,R2_STANDARD,FAC-05,DEDICATED,True,PAT-0230
WRB-00230,WRIST_WEARABLE,RISA_SYNTHETIC,W-3,ACTIVITY_AND_PULSE,5-15 min,R3_VARIABLE,FAC-07,DEDICATED,True,PAT-0230
DEV-00231,HOME_MONITOR,RISA_SYNTHETIC,M-2,MULTIVARIATE,VARIABLE,R2_STANDARD,FAC-05,DEDICATED,True,PAT-0231
WRB-00231,WRIST_WEARABLE,RISA_SYNTHETIC,W-4,ACTIVITY_AND_PULSE,5-15 min,R2_STANDARD,FAC-07,DEDICATED,True,PAT-0231
DEV-00232,CLINICAL_MONITOR,RISA_SYNTHETIC,M-3,MULTIVARIATE,VARIABLE,R2_STANDARD,FAC-01,DEDICATED,True,PAT-0232
WRB-00232,WRIST_WEARABLE,RISA_SYNTHETIC,W-1,ACTIVITY_AND_PULSE,5-15 min,R3_VARIABLE,FAC-07,DEDICATED,True,PAT-0232
DEV-00233,HOME_MONITOR,RISA_SYNTHETIC,M-4,MULTIVARIATE,VARIABLE,R3_VARIABLE,FAC-05,DEDICATED,True,PAT-0233
WRB-00233,WRIST_WEARABLE,RISA_SYNTHETIC,W-2,ACTIVITY_AND_PULSE,5-15 min,R3_VARIABLE,FAC-07,DEDICATED,True,PAT-0233
DEV-00234,HOME_MONITOR,RISA_SYNTHETIC,M-5,MULTIVARIATE,VARIABLE,R2_STANDARD,FAC-05,DEDICATED,True,PAT-0234
WRB-00234,WRIST_WEARABLE,RISA_SYNTHETIC,W-3,ACTIVITY_AND_PULSE,5-15 min,R2_STANDARD,FAC-07,DEDICATED,True,PAT-0234
DEV-00235,CLINICAL_MONITOR,RISA_SYNTHETIC,M-1,MULTIVARIATE,VARIABLE,R2_STANDARD,FAC-01,DEDICATED,True,PAT-0235
WRB-00235,WRIST_WEARABLE,RISA_SYNTHETIC,W-4,ACTIVITY_AND_PULSE,5-15 min,R3_VARIABLE,FAC-07,DEDICATED,True,PAT-0235
DEV-00236,CLINICAL_MONITOR,RISA_SYNTHETIC,M-2,MULTIVARIATE,VARIABLE,R1_HIGH,FAC-01,DEDICATED,True,PAT-0236
WRB-00236,WRIST_WEARABLE,RISA_SYNTHETIC,W-1,ACTIVITY_AND_PULSE,5-15 min,R2_STANDARD,FAC-07,DEDICATED,True,PAT-0236
DEV-00237,HOME_MONITOR,RISA_SYNTHETIC,M-3,MULTIVARIATE,VARIABLE,R2_STANDARD,FAC-05,DEDICATED,True,PAT-0237
WRB-00237,WRIST_WEARABLE,RISA_SYNTHETIC,W-2,ACTIVITY_AND_PULSE,5-15 min,R2_STANDARD,FAC-07,DEDICATED,True,PAT-0237
DEV-00238,HOME_MONITOR,RISA_SYNTHETIC,M-4,MULTIVARIATE,VARIABLE,R2_STANDARD,FAC-05,DEDICATED,True,PAT-0238
WRB-00238,WRIST_WEARABLE,RISA_SYNTHETIC,W-3,ACTIVITY_AND_PULSE,5-15 min,R3_VARIABLE,FAC-07,DEDICATED,True,PAT-0238
DEV-00239,HOME_MONITOR,RISA_SYNTHETIC,M-5,MULTIVARIATE,VARIABLE,R3_VARIABLE,FAC-05,DEDICATED,True,PAT-0239
WRB-00239,WRIST_WEARABLE,RISA_SYNTHETIC,W-4,ACTIVITY_AND_PULSE,5-15 min,R3_VARIABLE,FAC-07,DEDICATED,True,PAT-0239
DEV-00240,HOME_MONITOR,RISA_SYNTHETIC,M-1,MULTIVARIATE,VARIABLE,R2_STANDARD,FAC-05,DEDICATED,True,PAT-0240
WRB-00240,WRIST_WEARABLE,RISA_SYNTHETIC,W-1,ACTIVITY_AND_PULSE,5-15 min,R2_STANDARD,FAC-07,DEDICATED,True,PAT-0240
DEV-00241,CLINICAL_MONITOR,RISA_SYNTHETIC,M-2,MULTIVARIATE,VARIABLE,R1_HIGH,FAC-01,DEDICATED,True,PAT-0241
WRB-00241,WRIST_WEARABLE,RISA_SYNTHETIC,W-2,ACTIVITY_AND_PULSE,5-15 min,R2_STANDARD,FAC-07,DEDICATED,True,PAT-0241
DEV-00242,CLINICAL_MONITOR,RISA_SYNTHETIC,M-3,MULTIVARIATE,VARIABLE,R2_STANDARD,FAC-01,DEDICATED,True,PAT-0242
WRB-00242,WRIST_WEARABLE,RISA_SYNTHETIC,W-3,ACTIVITY_AND_PULSE,5-15 min,R2_STANDARD,FAC-07,DEDICATED,True,PAT-0242
DEV-00243,HOME_MONITOR,RISA_SYNTHETIC,M-4,MULTIVARIATE,VARIABLE,R2_STANDARD,FAC-05,DEDICATED,True,PAT-0243
WRB-00243,WRIST_WEARABLE,RISA_SYNTHETIC,W-4,ACTIVITY_AND_PULSE,5-15 min,R2_STANDARD,FAC-07,DEDICATED,True,PAT-0243
DEV-00244,HOME_MONITOR,RISA_SYNTHETIC,M-5,MULTIVARIATE,VARIABLE,R1_HIGH,FAC-05,DEDICATED,True,PAT-0244
WRB-00244,WRIST_WEARABLE,RISA_SYNTHETIC,W-1,ACTIVITY_AND_PULSE,5-15 min,R2_STANDARD,FAC-07,DEDICATED,True,PAT-0244
DEV-00245,HOME_MONITOR,RISA_SYNTHETIC,M-1,MULTIVARIATE,VARIABLE,R2_STANDARD,FAC-05,DEDICATED,True,PAT-0245
WRB-00245,WRIST_WEARABLE,RISA_SYNTHETIC,W-2,ACTIVITY_AND_PULSE,5-15 min,R2_STANDARD,FAC-07,DEDICATED,True,PAT-0245
DEV-00246,CLINICAL_MONITOR,RISA_SYNTHETIC,M-2,MULTIVARIATE,VARIABLE,R2_STANDARD,FAC-01,DEDICATED,True,PAT-0246
WRB-00246,WRIST_WEARABLE,RISA_SYNTHETIC,W-3,ACTIVITY_AND_PULSE,5-15 min,R2_STANDARD,FAC-07,DEDICATED,True,PAT-0246
DEV-00247,CLINICAL_MONITOR,RISA_SYNTHETIC,M-3,MULTIVARIATE,VARIABLE,R2_STANDARD,FAC-01,DEDICATED,True,PAT-0247
WRB-00247,WRIST_WEARABLE,RISA_SYNTHETIC,W-4,ACTIVITY_AND_PULSE,5-15 min,R2_STANDARD,FAC-07,DEDICATED,True,PAT-0247
DEV-00248,HOME_MONITOR,RISA_SYNTHETIC,M-4,MULTIVARIATE,VARIABLE,R1_HIGH,FAC-05,DEDICATED,True,PAT-0248
WRB-00248,WRIST_WEARABLE,RISA_SYNTHETIC,W-1,ACTIVITY_AND_PULSE,5-15 min,R2_STANDARD,FAC-07,DEDICATED,True,PAT-0248
DEV-00249,HOME_MONITOR,RISA_SYNTHETIC,M-5,MULTIVARIATE,VARIABLE,R3_VARIABLE,FAC-05,DEDICATED,True,PAT-0249
WRB-00249,WRIST_WEARABLE,RISA_SYNTHETIC,W-2,ACTIVITY_AND_PULSE,5-15 min,R2_STANDARD,FAC-07,DEDICATED,True,PAT-0249
DEV-00250,HOME_MONITOR,RISA_SYNTHETIC,M-1,MULTIVARIATE,VARIABLE,R2_STANDARD,FAC-05,DEDICATED,True,PAT-0250
WRB-00250,WRIST_WEARABLE,RISA_SYNTHETIC,W-3,ACTIVITY_AND_PULSE,5-15 min,R2_STANDARD,FAC-07,DEDICATED,True,PAT-0250
DEV-00251,CLINICAL_MONITOR,RISA_SYNTHETIC,M-2,MULTIVARIATE,VARIABLE,R3_VARIABLE,FAC-01,DEDICATED,True,PAT-0251
WRB-00251,WRIST_WEARABLE,RISA_SYNTHETIC,W-4,ACTIVITY_AND_PULSE,5-15 min,R2_STANDARD,FAC-07,DEDICATED,True,PAT-0251
DEV-00252,HOME_MONITOR,RISA_SYNTHETIC,M-3,MULTIVARIATE,VARIABLE,R2_STANDARD,FAC-05,DEDICATED,True,PAT-0252
WRB-00252,WRIST_WEARABLE,RISA_SYNTHETIC,W-1,ACTIVITY_AND_PULSE,5-15 min,R2_STANDARD,FAC-07,DEDICATED,True,PAT-0252
DEV-00253,HOME_MONITOR,RISA_SYNTHETIC,M-4,MULTIVARIATE,VARIABLE,R2_STANDARD,FAC-05,DEDICATED,True,PAT-0253
WRB-00253,WRIST_WEARABLE,RISA_SYNTHETIC,W-2,ACTIVITY_AND_PULSE,5-15 min,R2_STANDARD,FAC-07,DEDICATED,True,PAT-0253
DEV-00254,HOME_MONITOR,RISA_SYNTHETIC,M-5,MULTIVARIATE,VARIABLE,R2_STANDARD,FAC-05,DEDICATED,True,PAT-0254
WRB-00254,WRIST_WEARABLE,RISA_SYNTHETIC,W-3,ACTIVITY_AND_PULSE,5-15 min,R2_STANDARD,FAC-07,DEDICATED,True,PAT-0254
DEV-00255,HOME_MONITOR,RISA_SYNTHETIC,M-1,MULTIVARIATE,VARIABLE,R2_STANDARD,FAC-05,DEDICATED,True,PAT-0255
WRB-00255,WRIST_WEARABLE,RISA_SYNTHETIC,W-4,ACTIVITY_AND_PULSE,5-15 min,R3_VARIABLE,FAC-07,DEDICATED,True,PAT-0255
DEV-00256,CLINICAL_MONITOR,RISA_SYNTHETIC,M-2,MULTIVARIATE,VARIABLE,R2_STANDARD,FAC-01,DEDICATED,True,PAT-0256
WRB-00256,WRIST_WEARABLE,RISA_SYNTHETIC,W-1,ACTIVITY_AND_PULSE,5-15 min,R2_STANDARD,FAC-07,DEDICATED,True,PAT-0256
DEV-00257,HOME_MONITOR,RISA_SYNTHETIC,M-3,MULTIVARIATE,VARIABLE,R2_STANDARD,FAC-05,DEDICATED,True,PAT-0257
WRB-00257,WRIST_WEARABLE,RISA_SYNTHETIC,W-2,ACTIVITY_AND_PULSE,5-15 min,R2_STANDARD,FAC-07,DEDICATED,True,PAT-0257
DEV-00258,HOME_MONITOR,RISA_SYNTHETIC,M-4,MULTIVARIATE,VARIABLE,R2_STANDARD,FAC-05,DEDICATED,True,PAT-0258
WRB-00258,WRIST_WEARABLE,RISA_SYNTHETIC,W-3,ACTIVITY_AND_PULSE,5-15 min,R2_STANDARD,FAC-07,DEDICATED,True,PAT-0258
DEV-00259,HOME_MONITOR,RISA_SYNTHETIC,M-5,MULTIVARIATE,VARIABLE,R3_VARIABLE,FAC-05,DEDICATED,True,PAT-0259
WRB-00259,WRIST_WEARABLE,RISA_SYNTHETIC,W-4,ACTIVITY_AND_PULSE,5-15 min,R3_VARIABLE,FAC-07,DEDICATED,True,PAT-0259
DEV-00260,HOME_MONITOR,RISA_SYNTHETIC,M-1,MULTIVARIATE,VARIABLE,R2_STANDARD,FAC-05,DEDICATED,True,PAT-0260
WRB-00260,WRIST_WEARABLE,RISA_SYNTHETIC,W-1,ACTIVITY_AND_PULSE,5-15 min,R2_STANDARD,FAC-07,DEDICATED,True,PAT-0260
DEV-00261,HOME_MONITOR,RISA_SYNTHETIC,M-2,MULTIVARIATE,VARIABLE,R3_VARIABLE,FAC-05,DEDICATED,True,PAT-0261
WRB-00261,WRIST_WEARABLE,RISA_SYNTHETIC,W-2,ACTIVITY_AND_PULSE,5-15 min,R2_STANDARD,FAC-07,DEDICATED,True,PAT-0261
DEV-00262,CLINICAL_MONITOR,RISA_SYNTHETIC,M-3,MULTIVARIATE,VARIABLE,R2_STANDARD,FAC-01,DEDICATED,True,PAT-0262
WRB-00262,WRIST_WEARABLE,RISA_SYNTHETIC,W-3,ACTIVITY_AND_PULSE,5-15 min,R2_STANDARD,FAC-07,DEDICATED,True,PAT-0262
DEV-00263,HOME_MONITOR,RISA_SYNTHETIC,M-4,MULTIVARIATE,VARIABLE,R2_STANDARD,FAC-05,DEDICATED,True,PAT-0263
WRB-00263,WRIST_WEARABLE,RISA_SYNTHETIC,W-4,ACTIVITY_AND_PULSE,5-15 min,R3_VARIABLE,FAC-07,DEDICATED,True,PAT-0263
DEV-00264,HOME_MONITOR,RISA_SYNTHETIC,M-5,MULTIVARIATE,VARIABLE,R1_HIGH,FAC-05,DEDICATED,True,PAT-0264
WRB-00264,WRIST_WEARABLE,RISA_SYNTHETIC,W-1,ACTIVITY_AND_PULSE,5-15 min,R2_STANDARD,FAC-07,DEDICATED,True,PAT-0264
DEV-00265,CLINICAL_MONITOR,RISA_SYNTHETIC,M-1,MULTIVARIATE,VARIABLE,R2_STANDARD,FAC-01,DEDICATED,True,PAT-0265
WRB-00265,WRIST_WEARABLE,RISA_SYNTHETIC,W-2,ACTIVITY_AND_PULSE,5-15 min,R2_STANDARD,FAC-07,DEDICATED,True,PAT-0265
DEV-00266,CLINICAL_MONITOR,RISA_SYNTHETIC,M-2,MULTIVARIATE,VARIABLE,R3_VARIABLE,FAC-01,DEDICATED,True,PAT-0266
WRB-00266,WRIST_WEARABLE,RISA_SYNTHETIC,W-3,ACTIVITY_AND_PULSE,5-15 min,R3_VARIABLE,FAC-07,DEDICATED,True,PAT-0266
DEV-00267,HOME_MONITOR,RISA_SYNTHETIC,M-3,MULTIVARIATE,VARIABLE,R1_HIGH,FAC-05,DEDICATED,True,PAT-0267
WRB-00267,WRIST_WEARABLE,RISA_SYNTHETIC,W-4,ACTIVITY_AND_PULSE,5-15 min,R2_STANDARD,FAC-07,DEDICATED,True,PAT-0267
DEV-00268,HOME_MONITOR,RISA_SYNTHETIC,M-4,MULTIVARIATE,VARIABLE,R2_STANDARD,FAC-05,DEDICATED,True,PAT-0268
WRB-00268,WRIST_WEARABLE,RISA_SYNTHETIC,W-1,ACTIVITY_AND_PULSE,5-15 min,R2_STANDARD,FAC-07,DEDICATED,True,PAT-0268
DEV-00269,CLINICAL_MONITOR,RISA_SYNTHETIC,M-5,MULTIVARIATE,VARIABLE,R1_HIGH,FAC-01,DEDICATED,True,PAT-0269
WRB-00269,WRIST_WEARABLE,RISA_SYNTHETIC,W-2,ACTIVITY_AND_PULSE,5-15 min,R2_STANDARD,FAC-07,DEDICATED,True,PAT-0269
DEV-00270,HOME_MONITOR,RISA_SYNTHETIC,M-1,MULTIVARIATE,VARIABLE,R1_HIGH,FAC-05,DEDICATED,True,PAT-0270
WRB-00270,WRIST_WEARABLE,RISA_SYNTHETIC,W-3,ACTIVITY_AND_PULSE,5-15 min,R3_VARIABLE,FAC-07,DEDICATED,True,PAT-0270
DEV-00271,HOME_MONITOR,RISA_SYNTHETIC,M-2,MULTIVARIATE,VARIABLE,R2_STANDARD,FAC-05,DEDICATED,True,PAT-0271
WRB-00271,WRIST_WEARABLE,RISA_SYNTHETIC,W-4,ACTIVITY_AND_PULSE,5-15 min,R2_STANDARD,FAC-07,DEDICATED,True,PAT-0271
DEV-00272,CLINICAL_MONITOR,RISA_SYNTHETIC,M-3,MULTIVARIATE,VARIABLE,R2_STANDARD,FAC-01,DEDICATED,True,PAT-0272
WRB-00272,WRIST_WEARABLE,RISA_SYNTHETIC,W-1,ACTIVITY_AND_PULSE,5-15 min,R2_STANDARD,FAC-07,DEDICATED,True,PAT-0272
DEV-00273,HOME_MONITOR,RISA_SYNTHETIC,M-4,MULTIVARIATE,VARIABLE,R2_STANDARD,FAC-05,DEDICATED,True,PAT-0273
WRB-00273,WRIST_WEARABLE,RISA_SYNTHETIC,W-2,ACTIVITY_AND_PULSE,5-15 min,R2_STANDARD,FAC-07,DEDICATED,True,PAT-0273
DEV-00274,HOME_MONITOR,RISA_SYNTHETIC,M-5,MULTIVARIATE,VARIABLE,R2_STANDARD,FAC-05,DEDICATED,True,PAT-0274
WRB-00274,WRIST_WEARABLE,RISA_SYNTHETIC,W-3,ACTIVITY_AND_PULSE,5-15 min,R3_VARIABLE,FAC-07,DEDICATED,True,PAT-0274
DEV-00275,HOME_MONITOR,RISA_SYNTHETIC,M-1,MULTIVARIATE,VARIABLE,R2_STANDARD,FAC-05,DEDICATED,True,PAT-0275
WRB-00275,WRIST_WEARABLE,RISA_SYNTHETIC,W-4,ACTIVITY_AND_PULSE,5-15 min,R2_STANDARD,FAC-07,DEDICATED,True,PAT-0275
DEV-00276,CLINICAL_MONITOR,RISA_SYNTHETIC,M-2,MULTIVARIATE,VARIABLE,R2_STANDARD,FAC-01,DEDICATED,True,PAT-0276
WRB-00276,WRIST_WEARABLE,RISA_SYNTHETIC,W-1,ACTIVITY_AND_PULSE,5-15 min,R2_STANDARD,FAC-07,DEDICATED,True,PAT-0276
DEV-00277,HOME_MONITOR,RISA_SYNTHETIC,M-3,MULTIVARIATE,VARIABLE,R3_VARIABLE,FAC-05,DEDICATED,True,PAT-0277
WRB-00277,WRIST_WEARABLE,RISA_SYNTHETIC,W-2,ACTIVITY_AND_PULSE,5-15 min,R2_STANDARD,FAC-07,DEDICATED,True,PAT-0277
DEV-00278,HOME_MONITOR,RISA_SYNTHETIC,M-4,MULTIVARIATE,VARIABLE,R2_STANDARD,FAC-05,DEDICATED,True,PAT-0278
WRB-00278,WRIST_WEARABLE,RISA_SYNTHETIC,W-3,ACTIVITY_AND_PULSE,5-15 min,R2_STANDARD,FAC-07,DEDICATED,True,PAT-0278
DEV-00279,HOME_MONITOR,RISA_SYNTHETIC,M-5,MULTIVARIATE,VARIABLE,R3_VARIABLE,FAC-05,DEDICATED,True,PAT-0279
WRB-00279,WRIST_WEARABLE,RISA_SYNTHETIC,W-4,ACTIVITY_AND_PULSE,5-15 min,R2_STANDARD,FAC-07,DEDICATED,True,PAT-0279
DEV-00280,HOME_MONITOR,RISA_SYNTHETIC,M-1,MULTIVARIATE,VARIABLE,R2_STANDARD,FAC-05,DEDICATED,True,PAT-0280
WRB-00280,WRIST_WEARABLE,RISA_SYNTHETIC,W-1,ACTIVITY_AND_PULSE,5-15 min,R2_STANDARD,FAC-07,DEDICATED,True,PAT-0280
DEV-00281,CLINICAL_MONITOR,RISA_SYNTHETIC,M-2,MULTIVARIATE,VARIABLE,R2_STANDARD,FAC-01,DEDICATED,True,PAT-0281
WRB-00281,WRIST_WEARABLE,RISA_SYNTHETIC,W-2,ACTIVITY_AND_PULSE,5-15 min,R2_STANDARD,FAC-07,DEDICATED,True,PAT-0281
DEV-00282,HOME_MONITOR,RISA_SYNTHETIC,M-3,MULTIVARIATE,VARIABLE,R2_STANDARD,FAC-05,DEDICATED,True,PAT-0282
WRB-00282,WRIST_WEARABLE,RISA_SYNTHETIC,W-3,ACTIVITY_AND_PULSE,5-15 min,R2_STANDARD,FAC-07,DEDICATED,True,PAT-0282
DEV-00283,HOME_MONITOR,RISA_SYNTHETIC,M-4,MULTIVARIATE,VARIABLE,R2_STANDARD,FAC-05,DEDICATED,True,PAT-0283
WRB-00283,WRIST_WEARABLE,RISA_SYNTHETIC,W-4,ACTIVITY_AND_PULSE,5-15 min,R2_STANDARD,FAC-07,DEDICATED,True,PAT-0283
DEV-00284,HOME_MONITOR,RISA_SYNTHETIC,M-5,MULTIVARIATE,VARIABLE,R2_STANDARD,FAC-05,DEDICATED,True,PAT-0284
WRB-00284,WRIST_WEARABLE,RISA_SYNTHETIC,W-1,ACTIVITY_AND_PULSE,5-15 min,R3_VARIABLE,FAC-07,DEDICATED,True,PAT-0284
DEV-00285,CLINICAL_MONITOR,RISA_SYNTHETIC,M-1,MULTIVARIATE,VARIABLE,R1_HIGH,FAC-01,DEDICATED,True,PAT-0285
WRB-00285,WRIST_WEARABLE,RISA_SYNTHETIC,W-2,ACTIVITY_AND_PULSE,5-15 min,R3_VARIABLE,FAC-07,DEDICATED,True,PAT-0285
DEV-00286,HOME_MONITOR,RISA_SYNTHETIC,M-2,MULTIVARIATE,VARIABLE,R3_VARIABLE,FAC-05,DEDICATED,True,PAT-0286
WRB-00286,WRIST_WEARABLE,RISA_SYNTHETIC,W-3,ACTIVITY_AND_PULSE,5-15 min,R2_STANDARD,FAC-07,DEDICATED,True,PAT-0286
DEV-00287,CLINICAL_MONITOR,RISA_SYNTHETIC,M-3,MULTIVARIATE,VARIABLE,R2_STANDARD,FAC-01,DEDICATED,True,PAT-0287
WRB-00287,WRIST_WEARABLE,RISA_SYNTHETIC,W-4,ACTIVITY_AND_PULSE,5-15 min,R2_STANDARD,FAC-07,DEDICATED,True,PAT-0287
DEV-00288,CLINICAL_MONITOR,RISA_SYNTHETIC,M-4,MULTIVARIATE,VARIABLE,R2_STANDARD,FAC-01,DEDICATED,True,PAT-0288
WRB-00288,WRIST_WEARABLE,RISA_SYNTHETIC,W-1,ACTIVITY_AND_PULSE,5-15 min,R2_STANDARD,FAC-07,DEDICATED,True,PAT-0288
DEV-00289,HOME_MONITOR,RISA_SYNTHETIC,M-5,MULTIVARIATE,VARIABLE,R2_STANDARD,FAC-05,DEDICATED,True,PAT-0289
WRB-00289,WRIST_WEARABLE,RISA_SYNTHETIC,W-2,ACTIVITY_AND_PULSE,5-15 min,R2_STANDARD,FAC-07,DEDICATED,True,PAT-0289
DEV-00290,HOME_MONITOR,RISA_SYNTHETIC,M-1,MULTIVARIATE,VARIABLE,R1_HIGH,FAC-05,DEDICATED,True,PAT-0290
WRB-00290,WRIST_WEARABLE,RISA_SYNTHETIC,W-3,ACTIVITY_AND_PULSE,5-15 min,R2_STANDARD,FAC-07,DEDICATED,True,PAT-0290
DEV-00291,HOME_MONITOR,RISA_SYNTHETIC,M-2,MULTIVARIATE,VARIABLE,R2_STANDARD,FAC-05,DEDICATED,True,PAT-0291
WRB-00291,WRIST_WEARABLE,RISA_SYNTHETIC,W-4,ACTIVITY_AND_PULSE,5-15 min,R2_STANDARD,FAC-07,DEDICATED,True,PAT-0291
DEV-00292,HOME_MONITOR,RISA_SYNTHETIC,M-3,MULTIVARIATE,VARIABLE,R3_VARIABLE,FAC-05,DEDICATED,True,PAT-0292
WRB-00292,WRIST_WEARABLE,RISA_SYNTHETIC,W-1,ACTIVITY_AND_PULSE,5-15 min,R2_STANDARD,FAC-07,DEDICATED,True,PAT-0292
DEV-00293,HOME_MONITOR,RISA_SYNTHETIC,M-4,MULTIVARIATE,VARIABLE,R2_STANDARD,FAC-05,DEDICATED,True,PAT-0293
WRB-00293,WRIST_WEARABLE,RISA_SYNTHETIC,W-2,ACTIVITY_AND_PULSE,5-15 min,R2_STANDARD,FAC-07,DEDICATED,True,PAT-0293
DEV-00294,CLINICAL_MONITOR,RISA_SYNTHETIC,M-5,MULTIVARIATE,VARIABLE,R2_STANDARD,FAC-01,DEDICATED,True,PAT-0294
WRB-00294,WRIST_WEARABLE,RISA_SYNTHETIC,W-3,ACTIVITY_AND_PULSE,5-15 min,R2_STANDARD,FAC-07,DEDICATED,True,PAT-0294
DEV-00295,HOME_MONITOR,RISA_SYNTHETIC,M-1,MULTIVARIATE,VARIABLE,R1_HIGH,FAC-05,DEDICATED,True,PAT-0295
WRB-00295,WRIST_WEARABLE,RISA_SYNTHETIC,W-4,ACTIVITY_AND_PULSE,5-15 min,R2_STANDARD,FAC-07,DEDICATED,True,PAT-0295
DEV-00296,HOME_MONITOR,RISA_SYNTHETIC,M-2,MULTIVARIATE,VARIABLE,R3_VARIABLE,FAC-05,DEDICATED,True,PAT-0296
WRB-00296,WRIST_WEARABLE,RISA_SYNTHETIC,W-1,ACTIVITY_AND_PULSE,5-15 min,R2_STANDARD,FAC-07,DEDICATED,True,PAT-0296
DEV-00297,HOME_MONITOR,RISA_SYNTHETIC,M-3,MULTIVARIATE,VARIABLE,R3_VARIABLE,FAC-05,DEDICATED,True,PAT-0297
WRB-00297,WRIST_WEARABLE,RISA_SYNTHETIC,W-2,ACTIVITY_AND_PULSE,5-15 min,R2_STANDARD,FAC-07,DEDICATED,True,PAT-0297
DEV-00298,HOME_MONITOR,RISA_SYNTHETIC,M-4,MULTIVARIATE,VARIABLE,R2_STANDARD,FAC-05,DEDICATED,True,PAT-0298
WRB-00298,WRIST_WEARABLE,RISA_SYNTHETIC,W-3,ACTIVITY_AND_PULSE,5-15 min,R2_STANDARD,FAC-07,DEDICATED,True,PAT-0298
DEV-00299,HOME_MONITOR,RISA_SYNTHETIC,M-5,MULTIVARIATE,VARIABLE,R2_STANDARD,FAC-05,DEDICATED,True,PAT-0299
WRB-00299,WRIST_WEARABLE,RISA_SYNTHETIC,W-4,ACTIVITY_AND_PULSE,5-15 min,R3_VARIABLE,FAC-07,DEDICATED,True,PAT-0299
DEV-00300,HOME_MONITOR,RISA_SYNTHETIC,M-1,MULTIVARIATE,VARIABLE,R1_HIGH,FAC-05,DEDICATED,True,PAT-0300
WRB-00300,WRIST_WEARABLE,RISA_SYNTHETIC,W-1,ACTIVITY_AND_PULSE,5-15 min,R2_STANDARD,FAC-07,DEDICATED,True,PAT-0300
DEV-00301,CLINICAL_MONITOR,RISA_SYNTHETIC,M-2,MULTIVARIATE,VARIABLE,R2_STANDARD,FAC-01,DEDICATED,True,PAT-0301
WRB-00301,WRIST_WEARABLE,RISA_SYNTHETIC,W-2,ACTIVITY_AND_PULSE,5-15 min,R2_STANDARD,FAC-07,DEDICATED,True,PAT-0301
DEV-00302,HOME_MONITOR,RISA_SYNTHETIC,M-3,MULTIVARIATE,VARIABLE,R2_STANDARD,FAC-05,DEDICATED,True,PAT-0302
WRB-00302,WRIST_WEARABLE,RISA_SYNTHETIC,W-3,ACTIVITY_AND_PULSE,5-15 min,R2_STANDARD,FAC-07,DEDICATED,True,PAT-0302
DEV-00303,HOME_MONITOR,RISA_SYNTHETIC,M-4,MULTIVARIATE,VARIABLE,R2_STANDARD,FAC-05,DEDICATED,True,PAT-0303
WRB-00303,WRIST_WEARABLE,RISA_SYNTHETIC,W-4,ACTIVITY_AND_PULSE,5-15 min,R2_STANDARD,FAC-07,DEDICATED,True,PAT-0303
DEV-00304,HOME_MONITOR,RISA_SYNTHETIC,M-5,MULTIVARIATE,VARIABLE,R1_HIGH,FAC-05,DEDICATED,True,PAT-0304
WRB-00304,WRIST_WEARABLE,RISA_SYNTHETIC,W-1,ACTIVITY_AND_PULSE,5-15 min,R2_STANDARD,FAC-07,DEDICATED,True,PAT-0304
DEV-00305,CLINICAL_MONITOR,RISA_SYNTHETIC,M-1,MULTIVARIATE,VARIABLE,R2_STANDARD,FAC-01,DEDICATED,True,PAT-0305
WRB-00305,WRIST_WEARABLE,RISA_SYNTHETIC,W-2,ACTIVITY_AND_PULSE,5-15 min,R2_STANDARD,FAC-07,DEDICATED,True,PAT-0305
DEV-00306,CLINICAL_MONITOR,RISA_SYNTHETIC,M-2,MULTIVARIATE,VARIABLE,R1_HIGH,FAC-01,DEDICATED,True,PAT-0306
WRB-00306,WRIST_WEARABLE,RISA_SYNTHETIC,W-3,ACTIVITY_AND_PULSE,5-15 min,R3_VARIABLE,FAC-07,DEDICATED,True,PAT-0306
DEV-00307,HOME_MONITOR,RISA_SYNTHETIC,M-3,MULTIVARIATE,VARIABLE,R1_HIGH,FAC-05,DEDICATED,True,PAT-0307
WRB-00307,WRIST_WEARABLE,RISA_SYNTHETIC,W-4,ACTIVITY_AND_PULSE,5-15 min,R2_STANDARD,FAC-07,DEDICATED,True,PAT-0307
DEV-00308,HOME_MONITOR,RISA_SYNTHETIC,M-4,MULTIVARIATE,VARIABLE,R2_STANDARD,FAC-05,DEDICATED,True,PAT-0308
WRB-00308,WRIST_WEARABLE,RISA_SYNTHETIC,W-1,ACTIVITY_AND_PULSE,5-15 min,R2_STANDARD,FAC-07,DEDICATED,True,PAT-0308
DEV-00309,HOME_MONITOR,RISA_SYNTHETIC,M-5,MULTIVARIATE,VARIABLE,R3_VARIABLE,FAC-05,DEDICATED,True,PAT-0309
WRB-00309,WRIST_WEARABLE,RISA_SYNTHETIC,W-2,ACTIVITY_AND_PULSE,5-15 min,R2_STANDARD,FAC-07,DEDICATED,True,PAT-0309
DEV-00310,CLINICAL_MONITOR,RISA_SYNTHETIC,M-1,MULTIVARIATE,VARIABLE,R3_VARIABLE,FAC-01,DEDICATED,True,PAT-0310
WRB-00310,WRIST_WEARABLE,RISA_SYNTHETIC,W-3,ACTIVITY_AND_PULSE,5-15 min,R2_STANDARD,FAC-07,DEDICATED,True,PAT-0310
DEV-00311,CLINICAL_MONITOR,RISA_SYNTHETIC,M-2,MULTIVARIATE,VARIABLE,R1_HIGH,FAC-01,DEDICATED,True,PAT-0311
WRB-00311,WRIST_WEARABLE,RISA_SYNTHETIC,W-4,ACTIVITY_AND_PULSE,5-15 min,R2_STANDARD,FAC-07,DEDICATED,True,PAT-0311
DEV-00312,CLINICAL_MONITOR,RISA_SYNTHETIC,M-3,MULTIVARIATE,VARIABLE,R2_STANDARD,FAC-01,DEDICATED,True,PAT-0312
WRB-00312,WRIST_WEARABLE,RISA_SYNTHETIC,W-1,ACTIVITY_AND_PULSE,5-15 min,R3_VARIABLE,FAC-07,DEDICATED,True,PAT-0312
DEV-00313,HOME_MONITOR,RISA_SYNTHETIC,M-4,MULTIVARIATE,VARIABLE,R2_STANDARD,FAC-05,DEDICATED,True,PAT-0313
WRB-00313,WRIST_WEARABLE,RISA_SYNTHETIC,W-2,ACTIVITY_AND_PULSE,5-15 min,R3_VARIABLE,FAC-07,DEDICATED,True,PAT-0313
DEV-00314,HOME_MONITOR,RISA_SYNTHETIC,M-5,MULTIVARIATE,VARIABLE,R2_STANDARD,FAC-05,DEDICATED,True,PAT-0314
WRB-00314,WRIST_WEARABLE,RISA_SYNTHETIC,W-3,ACTIVITY_AND_PULSE,5-15 min,R2_STANDARD,FAC-07,DEDICATED,True,PAT-0314
DEV-00315,HOME_MONITOR,RISA_SYNTHETIC,M-1,MULTIVARIATE,VARIABLE,R1_HIGH,FAC-05,DEDICATED,True,PAT-0315
WRB-00315,WRIST_WEARABLE,RISA_SYNTHETIC,W-4,ACTIVITY_AND_PULSE,5-15 min,R3_VARIABLE,FAC-07,DEDICATED,True,PAT-0315
DEV-00316,HOME_MONITOR,RISA_SYNTHETIC,M-2,MULTIVARIATE,VARIABLE,R2_STANDARD,FAC-05,DEDICATED,True,PAT-0316
WRB-00316,WRIST_WEARABLE,RISA_SYNTHETIC,W-1,ACTIVITY_AND_PULSE,5-15 min,R2_STANDARD,FAC-07,DEDICATED,True,PAT-0316
DEV-00317,HOME_MONITOR,RISA_SYNTHETIC,M-3,MULTIVARIATE,VARIABLE,R2_STANDARD,FAC-05,DEDICATED,True,PAT-0317
WRB-00317,WRIST_WEARABLE,RISA_SYNTHETIC,W-2,ACTIVITY_AND_PULSE,5-15 min,R3_VARIABLE,FAC-07,DEDICATED,True,PAT-0317
DEV-00318,HOME_MONITOR,RISA_SYNTHETIC,M-4,MULTIVARIATE,VARIABLE,R1_HIGH,FAC-05,DEDICATED,True,PAT-0318
WRB-00318,WRIST_WEARABLE,RISA_SYNTHETIC,W-3,ACTIVITY_AND_PULSE,5-15 min,R2_STANDARD,FAC-07,DEDICATED,True,PAT-0318
DEV-00319,CLINICAL_MONITOR,RISA_SYNTHETIC,M-5,MULTIVARIATE,VARIABLE,R2_STANDARD,FAC-01,DEDICATED,True,PAT-0319
WRB-00319,WRIST_WEARABLE,RISA_SYNTHETIC,W-4,ACTIVITY_AND_PULSE,5-15 min,R2_STANDARD,FAC-07,DEDICATED,True,PAT-0319
DEV-00320,HOME_MONITOR,RISA_SYNTHETIC,M-1,MULTIVARIATE,VARIABLE,R1_HIGH,FAC-05,DEDICATED,True,PAT-0320
WRB-00320,WRIST_WEARABLE,RISA_SYNTHETIC,W-1,ACTIVITY_AND_PULSE,5-15 min,R2_STANDARD,FAC-07,DEDICATED,True,PAT-0320
DEV-00321,HOME_MONITOR,RISA_SYNTHETIC,M-2,MULTIVARIATE,VARIABLE,R2_STANDARD,FAC-05,DEDICATED,True,PAT-0321
WRB-00321,WRIST_WEARABLE,RISA_SYNTHETIC,W-2,ACTIVITY_AND_PULSE,5-15 min,R2_STANDARD,FAC-07,DEDICATED,True,PAT-0321
DEV-00322,HOME_MONITOR,RISA_SYNTHETIC,M-3,MULTIVARIATE,VARIABLE,R2_STANDARD,FAC-05,DEDICATED,True,PAT-0322
WRB-00322,WRIST_WEARABLE,RISA_SYNTHETIC,W-3,ACTIVITY_AND_PULSE,5-15 min,R3_VARIABLE,FAC-07,DEDICATED,True,PAT-0322
DEV-00323,HOME_MONITOR,RISA_SYNTHETIC,M-4,MULTIVARIATE,VARIABLE,R2_STANDARD,FAC-05,DEDICATED,True,PAT-0323
WRB-00323,WRIST_WEARABLE,RISA_SYNTHETIC,W-4,ACTIVITY_AND_PULSE,5-15 min,R2_STANDARD,FAC-07,DEDICATED,True,PAT-0323
DEV-00324,CLINICAL_MONITOR,RISA_SYNTHETIC,M-5,MULTIVARIATE,VARIABLE,R2_STANDARD,FAC-01,DEDICATED,True,PAT-0324
WRB-00324,WRIST_WEARABLE,RISA_SYNTHETIC,W-1,ACTIVITY_AND_PULSE,5-15 min,R2_STANDARD,FAC-07,DEDICATED,True,PAT-0324
DEV-00325,HOME_MONITOR,RISA_SYNTHETIC,M-1,MULTIVARIATE,VARIABLE,R2_STANDARD,FAC-05,DEDICATED,True,PAT-0325
WRB-00325,WRIST_WEARABLE,RISA_SYNTHETIC,W-2,ACTIVITY_AND_PULSE,5-15 min,R3_VARIABLE,FAC-07,DEDICATED,True,PAT-0325
DEV-00326,HOME_MONITOR,RISA_SYNTHETIC,M-2,MULTIVARIATE,VARIABLE,R3_VARIABLE,FAC-05,DEDICATED,True,PAT-0326
WRB-00326,WRIST_WEARABLE,RISA_SYNTHETIC,W-3,ACTIVITY_AND_PULSE,5-15 min,R3_VARIABLE,FAC-07,DEDICATED,True,PAT-0326
DEV-00327,HOME_MONITOR,RISA_SYNTHETIC,M-3,MULTIVARIATE,VARIABLE,R1_HIGH,FAC-05,DEDICATED,True,PAT-0327
WRB-00327,WRIST_WEARABLE,RISA_SYNTHETIC,W-4,ACTIVITY_AND_PULSE,5-15 min,R2_STANDARD,FAC-07,DEDICATED,True,PAT-0327
DEV-00328,HOME_MONITOR,RISA_SYNTHETIC,M-4,MULTIVARIATE,VARIABLE,R1_HIGH,FAC-05,DEDICATED,True,PAT-0328
WRB-00328,WRIST_WEARABLE,RISA_SYNTHETIC,W-1,ACTIVITY_AND_PULSE,5-15 min,R2_STANDARD,FAC-07,DEDICATED,True,PAT-0328
DEV-00329,HOME_MONITOR,RISA_SYNTHETIC,M-5,MULTIVARIATE,VARIABLE,R2_STANDARD,FAC-05,DEDICATED,True,PAT-0329
WRB-00329,WRIST_WEARABLE,RISA_SYNTHETIC,W-2,ACTIVITY_AND_PULSE,5-15 min,R2_STANDARD,FAC-07,DEDICATED,True,PAT-0329
DEV-00330,CLINICAL_MONITOR,RISA_SYNTHETIC,M-1,MULTIVARIATE,VARIABLE,R2_STANDARD,FAC-01,DEDICATED,True,PAT-0330
WRB-00330,WRIST_WEARABLE,RISA_SYNTHETIC,W-3,ACTIVITY_AND_PULSE,5-15 min,R2_STANDARD,FAC-07,DEDICATED,True,PAT-0330
DEV-00331,HOME_MONITOR,RISA_SYNTHETIC,M-2,MULTIVARIATE,VARIABLE,R3_VARIABLE,FAC-05,DEDICATED,True,PAT-0331
WRB-00331,WRIST_WEARABLE,RISA_SYNTHETIC,W-4,ACTIVITY_AND_PULSE,5-15 min,R2_STANDARD,FAC-07,DEDICATED,True,PAT-0331
DEV-00332,HOME_MONITOR,RISA_SYNTHETIC,M-3,MULTIVARIATE,VARIABLE,R2_STANDARD,FAC-05,DEDICATED,True,PAT-0332
WRB-00332,WRIST_WEARABLE,RISA_SYNTHETIC,W-1,ACTIVITY_AND_PULSE,5-15 min,R2_STANDARD,FAC-07,DEDICATED,True,PAT-0332
DEV-00333,HOME_MONITOR,RISA_SYNTHETIC,M-4,MULTIVARIATE,VARIABLE,R2_STANDARD,FAC-05,DEDICATED,True,PAT-0333
WRB-00333,WRIST_WEARABLE,RISA_SYNTHETIC,W-2,ACTIVITY_AND_PULSE,5-15 min,R2_STANDARD,FAC-07,DEDICATED,True,PAT-0333
DEV-00334,CLINICAL_MONITOR,RISA_SYNTHETIC,M-5,MULTIVARIATE,VARIABLE,R2_STANDARD,FAC-01,DEDICATED,True,PAT-0334
WRB-00334,WRIST_WEARABLE,RISA_SYNTHETIC,W-3,ACTIVITY_AND_PULSE,5-15 min,R3_VARIABLE,FAC-07,DEDICATED,True,PAT-0334
DEV-00335,HOME_MONITOR,RISA_SYNTHETIC,M-1,MULTIVARIATE,VARIABLE,R2_STANDARD,FAC-05,DEDICATED,True,PAT-0335
WRB-00335,WRIST_WEARABLE,RISA_SYNTHETIC,W-4,ACTIVITY_AND_PULSE,5-15 min,R2_STANDARD,FAC-07,DEDICATED,True,PAT-0335
DEV-00336,HOME_MONITOR,RISA_SYNTHETIC,M-2,MULTIVARIATE,VARIABLE,R2_STANDARD,FAC-05,DEDICATED,True,PAT-0336
WRB-00336,WRIST_WEARABLE,RISA_SYNTHETIC,W-1,ACTIVITY_AND_PULSE,5-15 min,R2_STANDARD,FAC-07,DEDICATED,True,PAT-0336
DEV-00337,HOME_MONITOR,RISA_SYNTHETIC,M-3,MULTIVARIATE,VARIABLE,R2_STANDARD,FAC-05,DEDICATED,True,PAT-0337
WRB-00337,WRIST_WEARABLE,RISA_SYNTHETIC,W-2,ACTIVITY_AND_PULSE,5-15 min,R2_STANDARD,FAC-07,DEDICATED,True,PAT-0337
DEV-00338,CLINICAL_MONITOR,RISA_SYNTHETIC,M-4,MULTIVARIATE,VARIABLE,R2_STANDARD,FAC-01,DEDICATED,True,PAT-0338
WRB-00338,WRIST_WEARABLE,RISA_SYNTHETIC,W-3,ACTIVITY_AND_PULSE,5-15 min,R3_VARIABLE,FAC-07,DEDICATED,True,PAT-0338
DEV-00339,HOME_MONITOR,RISA_SYNTHETIC,M-5,MULTIVARIATE,VARIABLE,R2_STANDARD,FAC-05,DEDICATED,True,PAT-0339
WRB-00339,WRIST_WEARABLE,RISA_SYNTHETIC,W-4,ACTIVITY_AND_PULSE,5-15 min,R2_STANDARD,FAC-07,DEDICATED,True,PAT-0339
DEV-00340,CLINICAL_MONITOR,RISA_SYNTHETIC,M-1,MULTIVARIATE,VARIABLE,R1_HIGH,FAC-01,DEDICATED,True,PAT-0340
WRB-00340,WRIST_WEARABLE,RISA_SYNTHETIC,W-1,ACTIVITY_AND_PULSE,5-15 min,R2_STANDARD,FAC-07,DEDICATED,True,PAT-0340
DEV-00341,CLINICAL_MONITOR,RISA_SYNTHETIC,M-2,MULTIVARIATE,VARIABLE,R2_STANDARD,FAC-01,DEDICATED,True,PAT-0341
WRB-00341,WRIST_WEARABLE,RISA_SYNTHETIC,W-2,ACTIVITY_AND_PULSE,5-15 min,R2_STANDARD,FAC-07,DEDICATED,True,PAT-0341
DEV-00342,HOME_MONITOR,RISA_SYNTHETIC,M-3,MULTIVARIATE,VARIABLE,R2_STANDARD,FAC-05,DEDICATED,True,PAT-0342
WRB-00342,WRIST_WEARABLE,RISA_SYNTHETIC,W-3,ACTIVITY_AND_PULSE,5-15 min,R2_STANDARD,FAC-07,DEDICATED,True,PAT-0342
DEV-00343,HOME_MONITOR,RISA_SYNTHETIC,M-4,MULTIVARIATE,VARIABLE,R2_STANDARD,FAC-05,DEDICATED,True,PAT-0343
WRB-00343,WRIST_WEARABLE,RISA_SYNTHETIC,W-4,ACTIVITY_AND_PULSE,5-15 min,R3_VARIABLE,FAC-07,DEDICATED,True,PAT-0343
DEV-00344,HOME_MONITOR,RISA_SYNTHETIC,M-5,MULTIVARIATE,VARIABLE,R2_STANDARD,FAC-05,DEDICATED,True,PAT-0344
WRB-00344,WRIST_WEARABLE,RISA_SYNTHETIC,W-1,ACTIVITY_AND_PULSE,5-15 min,R2_STANDARD,FAC-07,DEDICATED,True,PAT-0344
DEV-00345,HOME_MONITOR,RISA_SYNTHETIC,M-1,MULTIVARIATE,VARIABLE,R1_HIGH,FAC-05,DEDICATED,True,PAT-0345
WRB-00345,WRIST_WEARABLE,RISA_SYNTHETIC,W-2,ACTIVITY_AND_PULSE,5-15 min,R2_STANDARD,FAC-07,DEDICATED,True,PAT-0345
DEV-00346,HOME_MONITOR,RISA_SYNTHETIC,M-2,MULTIVARIATE,VARIABLE,R2_STANDARD,FAC-05,DEDICATED,True,PAT-0346
WRB-00346,WRIST_WEARABLE,RISA_SYNTHETIC,W-3,ACTIVITY_AND_PULSE,5-15 min,R2_STANDARD,FAC-07,DEDICATED,True,PAT-0346
DEV-00347,HOME_MONITOR,RISA_SYNTHETIC,M-3,MULTIVARIATE,VARIABLE,R2_STANDARD,FAC-05,DEDICATED,True,PAT-0347
WRB-00347,WRIST_WEARABLE,RISA_SYNTHETIC,W-4,ACTIVITY_AND_PULSE,5-15 min,R3_VARIABLE,FAC-07,DEDICATED,True,PAT-0347
DEV-00348,HOME_MONITOR,RISA_SYNTHETIC,M-4,MULTIVARIATE,VARIABLE,R3_VARIABLE,FAC-05,DEDICATED,True,PAT-0348
WRB-00348,WRIST_WEARABLE,RISA_SYNTHETIC,W-1,ACTIVITY_AND_PULSE,5-15 min,R2_STANDARD,FAC-07,DEDICATED,True,PAT-0348
DEV-00349,HOME_MONITOR,RISA_SYNTHETIC,M-5,MULTIVARIATE,VARIABLE,R3_VARIABLE,FAC-05,DEDICATED,True,PAT-0349
WRB-00349,WRIST_WEARABLE,RISA_SYNTHETIC,W-2,ACTIVITY_AND_PULSE,5-15 min,R2_STANDARD,FAC-07,DEDICATED,True,PAT-0349
DEV-00350,CLINICAL_MONITOR,RISA_SYNTHETIC,M-1,MULTIVARIATE,VARIABLE,R2_STANDARD,FAC-01,DEDICATED,True,PAT-0350
WRB-00350,WRIST_WEARABLE,RISA_SYNTHETIC,W-3,ACTIVITY_AND_PULSE,5-15 min,R2_STANDARD,FAC-07,DEDICATED,True,PAT-0350
DEV-00351,CLINICAL_MONITOR,RISA_SYNTHETIC,M-2,MULTIVARIATE,VARIABLE,R1_HIGH,FAC-01,DEDICATED,True,PAT-0351
WRB-00351,WRIST_WEARABLE,RISA_SYNTHETIC,W-4,ACTIVITY_AND_PULSE,5-15 min,R2_STANDARD,FAC-07,DEDICATED,True,PAT-0351
DEV-00352,HOME_MONITOR,RISA_SYNTHETIC,M-3,MULTIVARIATE,VARIABLE,R2_STANDARD,FAC-05,DEDICATED,True,PAT-0352
WRB-00352,WRIST_WEARABLE,RISA_SYNTHETIC,W-1,ACTIVITY_AND_PULSE,5-15 min,R2_STANDARD,FAC-07,DEDICATED,True,PAT-0352
DEV-00353,CLINICAL_MONITOR,RISA_SYNTHETIC,M-4,MULTIVARIATE,VARIABLE,R2_STANDARD,FAC-01,DEDICATED,True,PAT-0353
WRB-00353,WRIST_WEARABLE,RISA_SYNTHETIC,W-2,ACTIVITY_AND_PULSE,5-15 min,R2_STANDARD,FAC-07,DEDICATED,True,PAT-0353
DEV-00354,HOME_MONITOR,RISA_SYNTHETIC,M-5,MULTIVARIATE,VARIABLE,R2_STANDARD,FAC-05,DEDICATED,True,PAT-0354
WRB-00354,WRIST_WEARABLE,RISA_SYNTHETIC,W-3,ACTIVITY_AND_PULSE,5-15 min,R2_STANDARD,FAC-07,DEDICATED,True,PAT-0354
DEV-00355,HOME_MONITOR,RISA_SYNTHETIC,M-1,MULTIVARIATE,VARIABLE,R2_STANDARD,FAC-05,DEDICATED,True,PAT-0355
WRB-00355,WRIST_WEARABLE,RISA_SYNTHETIC,W-4,ACTIVITY_AND_PULSE,5-15 min,R2_STANDARD,FAC-07,DEDICATED,True,PAT-0355
DEV-00356,HOME_MONITOR,RISA_SYNTHETIC,M-2,MULTIVARIATE,VARIABLE,R2_STANDARD,FAC-05,DEDICATED,True,PAT-0356
WRB-00356,WRIST_WEARABLE,RISA_SYNTHETIC,W-1,ACTIVITY_AND_PULSE,5-15 min,R3_VARIABLE,FAC-07,DEDICATED,True,PAT-0356
DEV-00357,HOME_MONITOR,RISA_SYNTHETIC,M-3,MULTIVARIATE,VARIABLE,R2_STANDARD,FAC-05,DEDICATED,True,PAT-0357
WRB-00357,WRIST_WEARABLE,RISA_SYNTHETIC,W-2,ACTIVITY_AND_PULSE,5-15 min,R2_STANDARD,FAC-07,DEDICATED,True,PAT-0357
DEV-00358,HOME_MONITOR,RISA_SYNTHETIC,M-4,MULTIVARIATE,VARIABLE,R3_VARIABLE,FAC-05,DEDICATED,True,PAT-0358
WRB-00358,WRIST_WEARABLE,RISA_SYNTHETIC,W-3,ACTIVITY_AND_PULSE,5-15 min,R2_STANDARD,FAC-07,DEDICATED,True,PAT-0358
DEV-00359,CLINICAL_MONITOR,RISA_SYNTHETIC,M-5,MULTIVARIATE,VARIABLE,R2_STANDARD,FAC-01,DEDICATED,True,PAT-0359
WRB-00359,WRIST_WEARABLE,RISA_SYNTHETIC,W-4,ACTIVITY_AND_PULSE,5-15 min,R2_STANDARD,FAC-07,DEDICATED,True,PAT-0359
DEV-00360,CLINICAL_MONITOR,RISA_SYNTHETIC,M-1,MULTIVARIATE,VARIABLE,R3_VARIABLE,FAC-01,DEDICATED,True,PAT-0360
WRB-00360,WRIST_WEARABLE,RISA_SYNTHETIC,W-1,ACTIVITY_AND_PULSE,5-15 min,R2_STANDARD,FAC-07,DEDICATED,True,PAT-0360
DEV-00361,HOME_MONITOR,RISA_SYNTHETIC,M-2,MULTIVARIATE,VARIABLE,R1_HIGH,FAC-05,DEDICATED,True,PAT-0361
WRB-00361,WRIST_WEARABLE,RISA_SYNTHETIC,W-2,ACTIVITY_AND_PULSE,5-15 min,R2_STANDARD,FAC-07,DEDICATED,True,PAT-0361
DEV-00362,CLINICAL_MONITOR,RISA_SYNTHETIC,M-3,MULTIVARIATE,VARIABLE,R2_STANDARD,FAC-01,DEDICATED,True,PAT-0362
WRB-00362,WRIST_WEARABLE,RISA_SYNTHETIC,W-3,ACTIVITY_AND_PULSE,5-15 min,R2_STANDARD,FAC-07,DEDICATED,True,PAT-0362
DEV-00363,HOME_MONITOR,RISA_SYNTHETIC,M-4,MULTIVARIATE,VARIABLE,R1_HIGH,FAC-05,DEDICATED,True,PAT-0363
WRB-00363,WRIST_WEARABLE,RISA_SYNTHETIC,W-4,ACTIVITY_AND_PULSE,5-15 min,R2_STANDARD,FAC-07,DEDICATED,True,PAT-0363
DEV-00364,HOME_MONITOR,RISA_SYNTHETIC,M-5,MULTIVARIATE,VARIABLE,R2_STANDARD,FAC-05,DEDICATED,True,PAT-0364
WRB-00364,WRIST_WEARABLE,RISA_SYNTHETIC,W-1,ACTIVITY_AND_PULSE,5-15 min,R2_STANDARD,FAC-07,DEDICATED,True,PAT-0364
DEV-00365,HOME_MONITOR,RISA_SYNTHETIC,M-1,MULTIVARIATE,VARIABLE,R1_HIGH,FAC-05,DEDICATED,True,PAT-0365
WRB-00365,WRIST_WEARABLE,RISA_SYNTHETIC,W-2,ACTIVITY_AND_PULSE,5-15 min,R2_STANDARD,FAC-07,DEDICATED,True,PAT-0365
DEV-00366,CLINICAL_MONITOR,RISA_SYNTHETIC,M-2,MULTIVARIATE,VARIABLE,R3_VARIABLE,FAC-01,DEDICATED,True,PAT-0366
WRB-00366,WRIST_WEARABLE,RISA_SYNTHETIC,W-3,ACTIVITY_AND_PULSE,5-15 min,R3_VARIABLE,FAC-07,DEDICATED,True,PAT-0366
DEV-00367,HOME_MONITOR,RISA_SYNTHETIC,M-3,MULTIVARIATE,VARIABLE,R2_STANDARD,FAC-05,DEDICATED,True,PAT-0367
WRB-00367,WRIST_WEARABLE,RISA_SYNTHETIC,W-4,ACTIVITY_AND_PULSE,5-15 min,R2_STANDARD,FAC-07,DEDICATED,True,PAT-0367
DEV-00368,HOME_MONITOR,RISA_SYNTHETIC,M-4,MULTIVARIATE,VARIABLE,R3_VARIABLE,FAC-05,DEDICATED,True,PAT-0368
WRB-00368,WRIST_WEARABLE,RISA_SYNTHETIC,W-1,ACTIVITY_AND_PULSE,5-15 min,R3_VARIABLE,FAC-07,DEDICATED,True,PAT-0368
DEV-00369,HOME_MONITOR,RISA_SYNTHETIC,M-5,MULTIVARIATE,VARIABLE,R2_STANDARD,FAC-05,DEDICATED,True,PAT-0369
WRB-00369,WRIST_WEARABLE,RISA_SYNTHETIC,W-2,ACTIVITY_AND_PULSE,5-15 min,R3_VARIABLE,FAC-07,DEDICATED,True,PAT-0369
DEV-00370,HOME_MONITOR,RISA_SYNTHETIC,M-1,MULTIVARIATE,VARIABLE,R2_STANDARD,FAC-05,DEDICATED,True,PAT-0370
WRB-00370,WRIST_WEARABLE,RISA_SYNTHETIC,W-3,ACTIVITY_AND_PULSE,5-15 min,R3_VARIABLE,FAC-07,DEDICATED,True,PAT-0370
DEV-00371,CLINICAL_MONITOR,RISA_SYNTHETIC,M-2,MULTIVARIATE,VARIABLE,R2_STANDARD,FAC-01,DEDICATED,True,PAT-0371
WRB-00371,WRIST_WEARABLE,RISA_SYNTHETIC,W-4,ACTIVITY_AND_PULSE,5-15 min,R3_VARIABLE,FAC-07,DEDICATED,True,PAT-0371
DEV-00372,HOME_MONITOR,RISA_SYNTHETIC,M-3,MULTIVARIATE,VARIABLE,R2_STANDARD,FAC-05,DEDICATED,True,PAT-0372
WRB-00372,WRIST_WEARABLE,RISA_SYNTHETIC,W-1,ACTIVITY_AND_PULSE,5-15 min,R2_STANDARD,FAC-07,DEDICATED,True,PAT-0372
DEV-00373,CLINICAL_MONITOR,RISA_SYNTHETIC,M-4,MULTIVARIATE,VARIABLE,R3_VARIABLE,FAC-01,DEDICATED,True,PAT-0373
WRB-00373,WRIST_WEARABLE,RISA_SYNTHETIC,W-2,ACTIVITY_AND_PULSE,5-15 min,R3_VARIABLE,FAC-07,DEDICATED,True,PAT-0373
DEV-00374,HOME_MONITOR,RISA_SYNTHETIC,M-5,MULTIVARIATE,VARIABLE,R2_STANDARD,FAC-05,DEDICATED,True,PAT-0374
WRB-00374,WRIST_WEARABLE,RISA_SYNTHETIC,W-3,ACTIVITY_AND_PULSE,5-15 min,R3_VARIABLE,FAC-07,DEDICATED,True,PAT-0374
DEV-00375,HOME_MONITOR,RISA_SYNTHETIC,M-1,MULTIVARIATE,VARIABLE,R2_STANDARD,FAC-05,DEDICATED,True,PAT-0375
WRB-00375,WRIST_WEARABLE,RISA_SYNTHETIC,W-4,ACTIVITY_AND_PULSE,5-15 min,R3_VARIABLE,FAC-07,DEDICATED,True,PAT-0375
DEV-00376,HOME_MONITOR,RISA_SYNTHETIC,M-2,MULTIVARIATE,VARIABLE,R2_STANDARD,FAC-05,DEDICATED,True,PAT-0376
WRB-00376,WRIST_WEARABLE,RISA_SYNTHETIC,W-1,ACTIVITY_AND_PULSE,5-15 min,R2_STANDARD,FAC-07,DEDICATED,True,PAT-0376
DEV-00377,HOME_MONITOR,RISA_SYNTHETIC,M-3,MULTIVARIATE,VARIABLE,R2_STANDARD,FAC-05,DEDICATED,True,PAT-0377
WRB-00377,WRIST_WEARABLE,RISA_SYNTHETIC,W-2,ACTIVITY_AND_PULSE,5-15 min,R3_VARIABLE,FAC-07,DEDICATED,True,PAT-0377
DEV-00378,CLINICAL_MONITOR,RISA_SYNTHETIC,M-4,MULTIVARIATE,VARIABLE,R2_STANDARD,FAC-01,DEDICATED,True,PAT-0378
WRB-00378,WRIST_WEARABLE,RISA_SYNTHETIC,W-3,ACTIVITY_AND_PULSE,5-15 min,R2_STANDARD,FAC-07,DEDICATED,True,PAT-0378
DEV-00379,HOME_MONITOR,RISA_SYNTHETIC,M-5,MULTIVARIATE,VARIABLE,R3_VARIABLE,FAC-05,DEDICATED,True,PAT-0379
WRB-00379,WRIST_WEARABLE,RISA_SYNTHETIC,W-4,ACTIVITY_AND_PULSE,5-15 min,R2_STANDARD,FAC-07,DEDICATED,True,PAT-0379
DEV-00380,HOME_MONITOR,RISA_SYNTHETIC,M-1,MULTIVARIATE,VARIABLE,R2_STANDARD,FAC-05,DEDICATED,True,PAT-0380
WRB-00380,WRIST_WEARABLE,RISA_SYNTHETIC,W-1,ACTIVITY_AND_PULSE,5-15 min,R2_STANDARD,FAC-07,DEDICATED,True,PAT-0380
DEV-00381,HOME_MONITOR,RISA_SYNTHETIC,M-2,MULTIVARIATE,VARIABLE,R3_VARIABLE,FAC-05,DEDICATED,True,PAT-0381
WRB-00381,WRIST_WEARABLE,RISA_SYNTHETIC,W-2,ACTIVITY_AND_PULSE,5-15 min,R2_STANDARD,FAC-07,DEDICATED,True,PAT-0381
DEV-00382,CLINICAL_MONITOR,RISA_SYNTHETIC,M-3,MULTIVARIATE,VARIABLE,R2_STANDARD,FAC-01,DEDICATED,True,PAT-0382
WRB-00382,WRIST_WEARABLE,RISA_SYNTHETIC,W-3,ACTIVITY_AND_PULSE,5-15 min,R3_VARIABLE,FAC-07,DEDICATED,True,PAT-0382
DEV-00383,HOME_MONITOR,RISA_SYNTHETIC,M-4,MULTIVARIATE,VARIABLE,R2_STANDARD,FAC-05,DEDICATED,True,PAT-0383
WRB-00383,WRIST_WEARABLE,RISA_SYNTHETIC,W-4,ACTIVITY_AND_PULSE,5-15 min,R3_VARIABLE,FAC-07,DEDICATED,True,PAT-0383
DEV-00384,HOME_MONITOR,RISA_SYNTHETIC,M-5,MULTIVARIATE,VARIABLE,R3_VARIABLE,FAC-05,DEDICATED,True,PAT-0384
WRB-00384,WRIST_WEARABLE,RISA_SYNTHETIC,W-1,ACTIVITY_AND_PULSE,5-15 min,R2_STANDARD,FAC-07,DEDICATED,True,PAT-0384
DEV-00385,HOME_MONITOR,RISA_SYNTHETIC,M-1,MULTIVARIATE,VARIABLE,R2_STANDARD,FAC-05,DEDICATED,True,PAT-0385
WRB-00385,WRIST_WEARABLE,RISA_SYNTHETIC,W-2,ACTIVITY_AND_PULSE,5-15 min,R2_STANDARD,FAC-07,DEDICATED,True,PAT-0385
DEV-00386,HOME_MONITOR,RISA_SYNTHETIC,M-2,MULTIVARIATE,VARIABLE,R3_VARIABLE,FAC-05,DEDICATED,True,PAT-0386
WRB-00386,WRIST_WEARABLE,RISA_SYNTHETIC,W-3,ACTIVITY_AND_PULSE,5-15 min,R2_STANDARD,FAC-07,DEDICATED,True,PAT-0386
DEV-00387,HOME_MONITOR,RISA_SYNTHETIC,M-3,MULTIVARIATE,VARIABLE,R2_STANDARD,FAC-05,DEDICATED,True,PAT-0387
WRB-00387,WRIST_WEARABLE,RISA_SYNTHETIC,W-4,ACTIVITY_AND_PULSE,5-15 min,R2_STANDARD,FAC-07,DEDICATED,True,PAT-0387
DEV-00388,CLINICAL_MONITOR,RISA_SYNTHETIC,M-4,MULTIVARIATE,VARIABLE,R1_HIGH,FAC-01,DEDICATED,True,PAT-0388
WRB-00388,WRIST_WEARABLE,RISA_SYNTHETIC,W-1,ACTIVITY_AND_PULSE,5-15 min,R3_VARIABLE,FAC-07,DEDICATED,True,PAT-0388
DEV-00389,CLINICAL_MONITOR,RISA_SYNTHETIC,M-5,MULTIVARIATE,VARIABLE,R2_STANDARD,FAC-01,DEDICATED,True,PAT-0389
WRB-00389,WRIST_WEARABLE,RISA_SYNTHETIC,W-2,ACTIVITY_AND_PULSE,5-15 min,R2_STANDARD,FAC-07,DEDICATED,True,PAT-0389
DEV-00390,HOME_MONITOR,RISA_SYNTHETIC,M-1,MULTIVARIATE,VARIABLE,R1_HIGH,FAC-05,DEDICATED,True,PAT-0390
WRB-00390,WRIST_WEARABLE,RISA_SYNTHETIC,W-3,ACTIVITY_AND_PULSE,5-15 min,R2_STANDARD,FAC-07,DEDICATED,True,PAT-0390
DEV-00391,CLINICAL_MONITOR,RISA_SYNTHETIC,M-2,MULTIVARIATE,VARIABLE,R2_STANDARD,FAC-01,DEDICATED,True,PAT-0391
WRB-00391,WRIST_WEARABLE,RISA_SYNTHETIC,W-4,ACTIVITY_AND_PULSE,5-15 min,R3_VARIABLE,FAC-07,DEDICATED,True,PAT-0391
DEV-00392,CLINICAL_MONITOR,RISA_SYNTHETIC,M-3,MULTIVARIATE,VARIABLE,R1_HIGH,FAC-01,DEDICATED,True,PAT-0392
WRB-00392,WRIST_WEARABLE,RISA_SYNTHETIC,W-1,ACTIVITY_AND_PULSE,5-15 min,R2_STANDARD,FAC-07,DEDICATED,True,PAT-0392
DEV-00393,CLINICAL_MONITOR,RISA_SYNTHETIC,M-4,MULTIVARIATE,VARIABLE,R2_STANDARD,FAC-01,DEDICATED,True,PAT-0393
WRB-00393,WRIST_WEARABLE,RISA_SYNTHETIC,W-2,ACTIVITY_AND_PULSE,5-15 min,R2_STANDARD,FAC-07,DEDICATED,True,PAT-0393
DEV-00394,CLINICAL_MONITOR,RISA_SYNTHETIC,M-5,MULTIVARIATE,VARIABLE,R3_VARIABLE,FAC-01,DEDICATED,True,PAT-0394
WRB-00394,WRIST_WEARABLE,RISA_SYNTHETIC,W-3,ACTIVITY_AND_PULSE,5-15 min,R3_VARIABLE,FAC-07,DEDICATED,True,PAT-0394
DEV-00395,HOME_MONITOR,RISA_SYNTHETIC,M-1,MULTIVARIATE,VARIABLE,R2_STANDARD,FAC-05,DEDICATED,True,PAT-0395
WRB-00395,WRIST_WEARABLE,RISA_SYNTHETIC,W-4,ACTIVITY_AND_PULSE,5-15 min,R3_VARIABLE,FAC-07,DEDICATED,True,PAT-0395
DEV-00396,HOME_MONITOR,RISA_SYNTHETIC,M-2,MULTIVARIATE,VARIABLE,R2_STANDARD,FAC-05,DEDICATED,True,PAT-0396
WRB-00396,WRIST_WEARABLE,RISA_SYNTHETIC,W-1,ACTIVITY_AND_PULSE,5-15 min,R3_VARIABLE,FAC-07,DEDICATED,True,PAT-0396
DEV-00397,HOME_MONITOR,RISA_SYNTHETIC,M-3,MULTIVARIATE,VARIABLE,R2_STANDARD,FAC-05,DEDICATED,True,PAT-0397
WRB-00397,WRIST_WEARABLE,RISA_SYNTHETIC,W-2,ACTIVITY_AND_PULSE,5-15 min,R2_STANDARD,FAC-07,DEDICATED,True,PAT-0397
DEV-00398,HOME_MONITOR,RISA_SYNTHETIC,M-4,MULTIVARIATE,VARIABLE,R3_VARIABLE,FAC-05,DEDICATED,True,PAT-0398
WRB-00398,WRIST_WEARABLE,RISA_SYNTHETIC,W-3,ACTIVITY_AND_PULSE,5-15 min,R2_STANDARD,FAC-07,DEDICATED,True,PAT-0398
DEV-00399,HOME_MONITOR,RISA_SYNTHETIC,M-5,MULTIVARIATE,VARIABLE,R2_STANDARD,FAC-05,DEDICATED,True,PAT-0399
WRB-00399,WRIST_WEARABLE,RISA_SYNTHETIC,W-4,ACTIVITY_AND_PULSE,5-15 min,R3_VARIABLE,FAC-07,DEDICATED,True,PAT-0399
DEV-00400,CLINICAL_MONITOR,RISA_SYNTHETIC,M-1,MULTIVARIATE,VARIABLE,R2_STANDARD,FAC-01,DEDICATED,True,PAT-0400
WRB-00400,WRIST_WEARABLE,RISA_SYNTHETIC,W-1,ACTIVITY_AND_PULSE,5-15 min,R2_STANDARD,FAC-07,DEDICATED,True,PAT-0400
DEV-00401,HOME_MONITOR,RISA_SYNTHETIC,M-2,MULTIVARIATE,VARIABLE,R2_STANDARD,FAC-05,DEDICATED,True,PAT-0401
WRB-00401,WRIST_WEARABLE,RISA_SYNTHETIC,W-2,ACTIVITY_AND_PULSE,5-15 min,R2_STANDARD,FAC-07,DEDICATED,True,PAT-0401
DEV-00402,CLINICAL_MONITOR,RISA_SYNTHETIC,M-3,MULTIVARIATE,VARIABLE,R3_VARIABLE,FAC-01,DEDICATED,True,PAT-0402
WRB-00402,WRIST_WEARABLE,RISA_SYNTHETIC,W-3,ACTIVITY_AND_PULSE,5-15 min,R2_STANDARD,FAC-07,DEDICATED,True,PAT-0402
DEV-00403,HOME_MONITOR,RISA_SYNTHETIC,M-4,MULTIVARIATE,VARIABLE,R2_STANDARD,FAC-05,DEDICATED,True,PAT-0403
WRB-00403,WRIST_WEARABLE,RISA_SYNTHETIC,W-4,ACTIVITY_AND_PULSE,5-15 min,R2_STANDARD,FAC-07,DEDICATED,True,PAT-0403
DEV-00404,HOME_MONITOR,RISA_SYNTHETIC,M-5,MULTIVARIATE,VARIABLE,R2_STANDARD,FAC-05,DEDICATED,True,PAT-0404
WRB-00404,WRIST_WEARABLE,RISA_SYNTHETIC,W-1,ACTIVITY_AND_PULSE,5-15 min,R3_VARIABLE,FAC-07,DEDICATED,True,PAT-0404
DEV-00405,HOME_MONITOR,RISA_SYNTHETIC,M-1,MULTIVARIATE,VARIABLE,R2_STANDARD,FAC-05,DEDICATED,True,PAT-0405
WRB-00405,WRIST_WEARABLE,RISA_SYNTHETIC,W-2,ACTIVITY_AND_PULSE,5-15 min,R3_VARIABLE,FAC-07,DEDICATED,True,PAT-0405
DEV-00406,HOME_MONITOR,RISA_SYNTHETIC,M-2,MULTIVARIATE,VARIABLE,R2_STANDARD,FAC-05,DEDICATED,True,PAT-0406
WRB-00406,WRIST_WEARABLE,RISA_SYNTHETIC,W-3,ACTIVITY_AND_PULSE,5-15 min,R3_VARIABLE,FAC-07,DEDICATED,True,PAT-0406
DEV-00407,CLINICAL_MONITOR,RISA_SYNTHETIC,M-3,MULTIVARIATE,VARIABLE,R2_STANDARD,FAC-01,DEDICATED,True,PAT-0407
WRB-00407,WRIST_WEARABLE,RISA_SYNTHETIC,W-4,ACTIVITY_AND_PULSE,5-15 min,R2_STANDARD,FAC-07,DEDICATED,True,PAT-0407
DEV-00408,CLINICAL_MONITOR,RISA_SYNTHETIC,M-4,MULTIVARIATE,VARIABLE,R2_STANDARD,FAC-01,DEDICATED,True,PAT-0408
WRB-00408,WRIST_WEARABLE,RISA_SYNTHETIC,W-1,ACTIVITY_AND_PULSE,5-15 min,R2_STANDARD,FAC-07,DEDICATED,True,PAT-0408
DEV-00409,HOME_MONITOR,RISA_SYNTHETIC,M-5,MULTIVARIATE,VARIABLE,R3_VARIABLE,FAC-05,DEDICATED,True,PAT-0409
WRB-00409,WRIST_WEARABLE,RISA_SYNTHETIC,W-2,ACTIVITY_AND_PULSE,5-15 min,R3_VARIABLE,FAC-07,DEDICATED,True,PAT-0409
DEV-00410,HOME_MONITOR,RISA_SYNTHETIC,M-1,MULTIVARIATE,VARIABLE,R2_STANDARD,FAC-05,DEDICATED,True,PAT-0410
WRB-00410,WRIST_WEARABLE,RISA_SYNTHETIC,W-3,ACTIVITY_AND_PULSE,5-15 min,R2_STANDARD,FAC-07,DEDICATED,True,PAT-0410
DEV-00411,HOME_MONITOR,RISA_SYNTHETIC,M-2,MULTIVARIATE,VARIABLE,R2_STANDARD,FAC-05,DEDICATED,True,PAT-0411
WRB-00411,WRIST_WEARABLE,RISA_SYNTHETIC,W-4,ACTIVITY_AND_PULSE,5-15 min,R2_STANDARD,FAC-07,DEDICATED,True,PAT-0411
DEV-00412,HOME_MONITOR,RISA_SYNTHETIC,M-3,MULTIVARIATE,VARIABLE,R2_STANDARD,FAC-05,DEDICATED,True,PAT-0412
WRB-00412,WRIST_WEARABLE,RISA_SYNTHETIC,W-1,ACTIVITY_AND_PULSE,5-15 min,R2_STANDARD,FAC-07,DEDICATED,True,PAT-0412
DEV-00413,HOME_MONITOR,RISA_SYNTHETIC,M-4,MULTIVARIATE,VARIABLE,R2_STANDARD,FAC-05,DEDICATED,True,PAT-0413
WRB-00413,WRIST_WEARABLE,RISA_SYNTHETIC,W-2,ACTIVITY_AND_PULSE,5-15 min,R2_STANDARD,FAC-07,DEDICATED,True,PAT-0413
DEV-00414,HOME_MONITOR,RISA_SYNTHETIC,M-5,MULTIVARIATE,VARIABLE,R3_VARIABLE,FAC-05,DEDICATED,True,PAT-0414
WRB-00414,WRIST_WEARABLE,RISA_SYNTHETIC,W-3,ACTIVITY_AND_PULSE,5-15 min,R2_STANDARD,FAC-07,DEDICATED,True,PAT-0414
DEV-00415,HOME_MONITOR,RISA_SYNTHETIC,M-1,MULTIVARIATE,VARIABLE,R2_STANDARD,FAC-05,DEDICATED,True,PAT-0415
WRB-00415,WRIST_WEARABLE,RISA_SYNTHETIC,W-4,ACTIVITY_AND_PULSE,5-15 min,R2_STANDARD,FAC-07,DEDICATED,True,PAT-0415
DEV-00416,HOME_MONITOR,RISA_SYNTHETIC,M-2,MULTIVARIATE,VARIABLE,R2_STANDARD,FAC-05,DEDICATED,True,PAT-0416
WRB-00416,WRIST_WEARABLE,RISA_SYNTHETIC,W-1,ACTIVITY_AND_PULSE,5-15 min,R3_VARIABLE,FAC-07,DEDICATED,True,PAT-0416
DEV-00417,CLINICAL_MONITOR,RISA_SYNTHETIC,M-3,MULTIVARIATE,VARIABLE,R2_STANDARD,FAC-01,DEDICATED,True,PAT-0417
WRB-00417,WRIST_WEARABLE,RISA_SYNTHETIC,W-2,ACTIVITY_AND_PULSE,5-15 min,R2_STANDARD,FAC-07,DEDICATED,True,PAT-0417
DEV-00418,HOME_MONITOR,RISA_SYNTHETIC,M-4,MULTIVARIATE,VARIABLE,R2_STANDARD,FAC-05,DEDICATED,True,PAT-0418
WRB-00418,WRIST_WEARABLE,RISA_SYNTHETIC,W-3,ACTIVITY_AND_PULSE,5-15 min,R2_STANDARD,FAC-07,DEDICATED,True,PAT-0418
DEV-00419,HOME_MONITOR,RISA_SYNTHETIC,M-5,MULTIVARIATE,VARIABLE,R2_STANDARD,FAC-05,DEDICATED,True,PAT-0419
WRB-00419,WRIST_WEARABLE,RISA_SYNTHETIC,W-4,ACTIVITY_AND_PULSE,5-15 min,R2_STANDARD,FAC-07,DEDICATED,True,PAT-0419
DEV-00420,HOME_MONITOR,RISA_SYNTHETIC,M-1,MULTIVARIATE,VARIABLE,R2_STANDARD,FAC-05,DEDICATED,True,PAT-0420
WRB-00420,WRIST_WEARABLE,RISA_SYNTHETIC,W-1,ACTIVITY_AND_PULSE,5-15 min,R2_STANDARD,FAC-07,DEDICATED,True,PAT-0420
DEV-00421,HOME_MONITOR,RISA_SYNTHETIC,M-2,MULTIVARIATE,VARIABLE,R3_VARIABLE,FAC-05,DEDICATED,True,PAT-0421
WRB-00421,WRIST_WEARABLE,RISA_SYNTHETIC,W-2,ACTIVITY_AND_PULSE,5-15 min,R3_VARIABLE,FAC-07,DEDICATED,True,PAT-0421
DEV-00422,HOME_MONITOR,RISA_SYNTHETIC,M-3,MULTIVARIATE,VARIABLE,R1_HIGH,FAC-05,DEDICATED,True,PAT-0422
WRB-00422,WRIST_WEARABLE,RISA_SYNTHETIC,W-3,ACTIVITY_AND_PULSE,5-15 min,R3_VARIABLE,FAC-07,DEDICATED,True,PAT-0422
DEV-00423,HOME_MONITOR,RISA_SYNTHETIC,M-4,MULTIVARIATE,VARIABLE,R2_STANDARD,FAC-05,DEDICATED,True,PAT-0423
WRB-00423,WRIST_WEARABLE,RISA_SYNTHETIC,W-4,ACTIVITY_AND_PULSE,5-15 min,R3_VARIABLE,FAC-07,DEDICATED,True,PAT-0423
DEV-00424,CLINICAL_MONITOR,RISA_SYNTHETIC,M-5,MULTIVARIATE,VARIABLE,R2_STANDARD,FAC-01,DEDICATED,True,PAT-0424
WRB-00424,WRIST_WEARABLE,RISA_SYNTHETIC,W-1,ACTIVITY_AND_PULSE,5-15 min,R3_VARIABLE,FAC-07,DEDICATED,True,PAT-0424
DEV-00425,CLINICAL_MONITOR,RISA_SYNTHETIC,M-1,MULTIVARIATE,VARIABLE,R3_VARIABLE,FAC-01,DEDICATED,True,PAT-0425
WRB-00425,WRIST_WEARABLE,RISA_SYNTHETIC,W-2,ACTIVITY_AND_PULSE,5-15 min,R2_STANDARD,FAC-07,DEDICATED,True,PAT-0425
DEV-00426,HOME_MONITOR,RISA_SYNTHETIC,M-2,MULTIVARIATE,VARIABLE,R2_STANDARD,FAC-05,DEDICATED,True,PAT-0426
WRB-00426,WRIST_WEARABLE,RISA_SYNTHETIC,W-3,ACTIVITY_AND_PULSE,5-15 min,R3_VARIABLE,FAC-07,DEDICATED,True,PAT-0426
DEV-00427,HOME_MONITOR,RISA_SYNTHETIC,M-3,MULTIVARIATE,VARIABLE,R1_HIGH,FAC-05,DEDICATED,True,PAT-0427
WRB-00427,WRIST_WEARABLE,RISA_SYNTHETIC,W-4,ACTIVITY_AND_PULSE,5-15 min,R2_STANDARD,FAC-07,DEDICATED,True,PAT-0427
DEV-00428,CLINICAL_MONITOR,RISA_SYNTHETIC,M-4,MULTIVARIATE,VARIABLE,R2_STANDARD,FAC-01,DEDICATED,True,PAT-0428
WRB-00428,WRIST_WEARABLE,RISA_SYNTHETIC,W-1,ACTIVITY_AND_PULSE,5-15 min,R2_STANDARD,FAC-07,DEDICATED,True,PAT-0428
DEV-00429,HOME_MONITOR,RISA_SYNTHETIC,M-5,MULTIVARIATE,VARIABLE,R2_STANDARD,FAC-05,DEDICATED,True,PAT-0429
WRB-00429,WRIST_WEARABLE,RISA_SYNTHETIC,W-2,ACTIVITY_AND_PULSE,5-15 min,R2_STANDARD,FAC-07,DEDICATED,True,PAT-0429
DEV-00430,HOME_MONITOR,RISA_SYNTHETIC,M-1,MULTIVARIATE,VARIABLE,R2_STANDARD,FAC-05,DEDICATED,True,PAT-0430
WRB-00430,WRIST_WEARABLE,RISA_SYNTHETIC,W-3,ACTIVITY_AND_PULSE,5-15 min,R2_STANDARD,FAC-07,DEDICATED,True,PAT-0430
DEV-00431,HOME_MONITOR,RISA_SYNTHETIC,M-2,MULTIVARIATE,VARIABLE,R2_STANDARD,FAC-05,DEDICATED,True,PAT-0431
WRB-00431,WRIST_WEARABLE,RISA_SYNTHETIC,W-4,ACTIVITY_AND_PULSE,5-15 min,R2_STANDARD,FAC-07,DEDICATED,True,PAT-0431
DEV-00432,HOME_MONITOR,RISA_SYNTHETIC,M-3,MULTIVARIATE,VARIABLE,R2_STANDARD,FAC-05,DEDICATED,True,PAT-0432
WRB-00432,WRIST_WEARABLE,RISA_SYNTHETIC,W-1,ACTIVITY_AND_PULSE,5-15 min,R2_STANDARD,FAC-07,DEDICATED,True,PAT-0432
DEV-00433,CLINICAL_MONITOR,RISA_SYNTHETIC,M-4,MULTIVARIATE,VARIABLE,R2_STANDARD,FAC-01,DEDICATED,True,PAT-0433
WRB-00433,WRIST_WEARABLE,RISA_SYNTHETIC,W-2,ACTIVITY_AND_PULSE,5-15 min,R2_STANDARD,FAC-07,DEDICATED,True,PAT-0433
DEV-00434,HOME_MONITOR,RISA_SYNTHETIC,M-5,MULTIVARIATE,VARIABLE,R2_STANDARD,FAC-05,DEDICATED,True,PAT-0434
WRB-00434,WRIST_WEARABLE,RISA_SYNTHETIC,W-3,ACTIVITY_AND_PULSE,5-15 min,R2_STANDARD,FAC-07,DEDICATED,True,PAT-0434
DEV-00435,HOME_MONITOR,RISA_SYNTHETIC,M-1,MULTIVARIATE,VARIABLE,R1_HIGH,FAC-05,DEDICATED,True,PAT-0435
WRB-00435,WRIST_WEARABLE,RISA_SYNTHETIC,W-4,ACTIVITY_AND_PULSE,5-15 min,R2_STANDARD,FAC-07,DEDICATED,True,PAT-0435
DEV-00436,CLINICAL_MONITOR,RISA_SYNTHETIC,M-2,MULTIVARIATE,VARIABLE,R1_HIGH,FAC-01,DEDICATED,True,PAT-0436
WRB-00436,WRIST_WEARABLE,RISA_SYNTHETIC,W-1,ACTIVITY_AND_PULSE,5-15 min,R2_STANDARD,FAC-07,DEDICATED,True,PAT-0436
DEV-00437,HOME_MONITOR,RISA_SYNTHETIC,M-3,MULTIVARIATE,VARIABLE,R3_VARIABLE,FAC-05,DEDICATED,True,PAT-0437
WRB-00437,WRIST_WEARABLE,RISA_SYNTHETIC,W-2,ACTIVITY_AND_PULSE,5-15 min,R3_VARIABLE,FAC-07,DEDICATED,True,PAT-0437
DEV-00438,CLINICAL_MONITOR,RISA_SYNTHETIC,M-4,MULTIVARIATE,VARIABLE,R2_STANDARD,FAC-01,DEDICATED,True,PAT-0438
WRB-00438,WRIST_WEARABLE,RISA_SYNTHETIC,W-3,ACTIVITY_AND_PULSE,5-15 min,R2_STANDARD,FAC-07,DEDICATED,True,PAT-0438
DEV-00439,HOME_MONITOR,RISA_SYNTHETIC,M-5,MULTIVARIATE,VARIABLE,R3_VARIABLE,FAC-05,DEDICATED,True,PAT-0439
WRB-00439,WRIST_WEARABLE,RISA_SYNTHETIC,W-4,ACTIVITY_AND_PULSE,5-15 min,R2_STANDARD,FAC-07,DEDICATED,True,PAT-0439
DEV-00440,CLINICAL_MONITOR,RISA_SYNTHETIC,M-1,MULTIVARIATE,VARIABLE,R2_STANDARD,FAC-01,DEDICATED,True,PAT-0440
WRB-00440,WRIST_WEARABLE,RISA_SYNTHETIC,W-1,ACTIVITY_AND_PULSE,5-15 min,R2_STANDARD,FAC-07,DEDICATED,True,PAT-0440
DEV-00441,CLINICAL_MONITOR,RISA_SYNTHETIC,M-2,MULTIVARIATE,VARIABLE,R3_VARIABLE,FAC-01,DEDICATED,True,PAT-0441
WRB-00441,WRIST_WEARABLE,RISA_SYNTHETIC,W-2,ACTIVITY_AND_PULSE,5-15 min,R2_STANDARD,FAC-07,DEDICATED,True,PAT-0441
DEV-00442,HOME_MONITOR,RISA_SYNTHETIC,M-3,MULTIVARIATE,VARIABLE,R2_STANDARD,FAC-05,DEDICATED,True,PAT-0442
WRB-00442,WRIST_WEARABLE,RISA_SYNTHETIC,W-3,ACTIVITY_AND_PULSE,5-15 min,R2_STANDARD,FAC-07,DEDICATED,True,PAT-0442
DEV-00443,CLINICAL_MONITOR,RISA_SYNTHETIC,M-4,MULTIVARIATE,VARIABLE,R3_VARIABLE,FAC-01,DEDICATED,True,PAT-0443
WRB-00443,WRIST_WEARABLE,RISA_SYNTHETIC,W-4,ACTIVITY_AND_PULSE,5-15 min,R2_STANDARD,FAC-07,DEDICATED,True,PAT-0443
DEV-00444,HOME_MONITOR,RISA_SYNTHETIC,M-5,MULTIVARIATE,VARIABLE,R2_STANDARD,FAC-05,DEDICATED,True,PAT-0444
WRB-00444,WRIST_WEARABLE,RISA_SYNTHETIC,W-1,ACTIVITY_AND_PULSE,5-15 min,R2_STANDARD,FAC-07,DEDICATED,True,PAT-0444
DEV-00445,CLINICAL_MONITOR,RISA_SYNTHETIC,M-1,MULTIVARIATE,VARIABLE,R2_STANDARD,FAC-01,DEDICATED,True,PAT-0445
WRB-00445,WRIST_WEARABLE,RISA_SYNTHETIC,W-2,ACTIVITY_AND_PULSE,5-15 min,R2_STANDARD,FAC-07,DEDICATED,True,PAT-0445
DEV-00446,HOME_MONITOR,RISA_SYNTHETIC,M-2,MULTIVARIATE,VARIABLE,R2_STANDARD,FAC-05,DEDICATED,True,PAT-0446
WRB-00446,WRIST_WEARABLE,RISA_SYNTHETIC,W-3,ACTIVITY_AND_PULSE,5-15 min,R2_STANDARD,FAC-07,DEDICATED,True,PAT-0446
DEV-00447,HOME_MONITOR,RISA_SYNTHETIC,M-3,MULTIVARIATE,VARIABLE,R1_HIGH,FAC-05,DEDICATED,True,PAT-0447
WRB-00447,WRIST_WEARABLE,RISA_SYNTHETIC,W-4,ACTIVITY_AND_PULSE,5-15 min,R2_STANDARD,FAC-07,DEDICATED,True,PAT-0447
DEV-00448,HOME_MONITOR,RISA_SYNTHETIC,M-4,MULTIVARIATE,VARIABLE,R2_STANDARD,FAC-05,DEDICATED,True,PAT-0448
WRB-00448,WRIST_WEARABLE,RISA_SYNTHETIC,W-1,ACTIVITY_AND_PULSE,5-15 min,R2_STANDARD,FAC-07,DEDICATED,True,PAT-0448
DEV-00449,HOME_MONITOR,RISA_SYNTHETIC,M-5,MULTIVARIATE,VARIABLE,R1_HIGH,FAC-05,DEDICATED,True,PAT-0449
WRB-00449,WRIST_WEARABLE,RISA_SYNTHETIC,W-2,ACTIVITY_AND_PULSE,5-15 min,R2_STANDARD,FAC-07,DEDICATED,True,PAT-0449
DEV-00450,HOME_MONITOR,RISA_SYNTHETIC,M-1,MULTIVARIATE,VARIABLE,R2_STANDARD,FAC-05,DEDICATED,True,PAT-0450
WRB-00450,WRIST_WEARABLE,RISA_SYNTHETIC,W-3,ACTIVITY_AND_PULSE,5-15 min,R2_STANDARD,FAC-07,DEDICATED,True,PAT-0450
DEV-00451,HOME_MONITOR,RISA_SYNTHETIC,M-2,MULTIVARIATE,VARIABLE,R1_HIGH,FAC-05,DEDICATED,True,PAT-0451
WRB-00451,WRIST_WEARABLE,RISA_SYNTHETIC,W-4,ACTIVITY_AND_PULSE,5-15 min,R2_STANDARD,FAC-07,DEDICATED,True,PAT-0451
DEV-00452,HOME_MONITOR,RISA_SYNTHETIC,M-3,MULTIVARIATE,VARIABLE,R2_STANDARD,FAC-05,DEDICATED,True,PAT-0452
WRB-00452,WRIST_WEARABLE,RISA_SYNTHETIC,W-1,ACTIVITY_AND_PULSE,5-15 min,R2_STANDARD,FAC-07,DEDICATED,True,PAT-0452
DEV-00453,HOME_MONITOR,RISA_SYNTHETIC,M-4,MULTIVARIATE,VARIABLE,R2_STANDARD,FAC-05,DEDICATED,True,PAT-0453
WRB-00453,WRIST_WEARABLE,RISA_SYNTHETIC,W-2,ACTIVITY_AND_PULSE,5-15 min,R2_STANDARD,FAC-07,DEDICATED,True,PAT-0453
DEV-00454,CLINICAL_MONITOR,RISA_SYNTHETIC,M-5,MULTIVARIATE,VARIABLE,R2_STANDARD,FAC-01,DEDICATED,True,PAT-0454
WRB-00454,WRIST_WEARABLE,RISA_SYNTHETIC,W-3,ACTIVITY_AND_PULSE,5-15 min,R2_STANDARD,FAC-07,DEDICATED,True,PAT-0454
DEV-00455,CLINICAL_MONITOR,RISA_SYNTHETIC,M-1,MULTIVARIATE,VARIABLE,R3_VARIABLE,FAC-01,DEDICATED,True,PAT-0455
WRB-00455,WRIST_WEARABLE,RISA_SYNTHETIC,W-4,ACTIVITY_AND_PULSE,5-15 min,R2_STANDARD,FAC-07,DEDICATED,True,PAT-0455
DEV-00456,CLINICAL_MONITOR,RISA_SYNTHETIC,M-2,MULTIVARIATE,VARIABLE,R2_STANDARD,FAC-01,DEDICATED,True,PAT-0456
WRB-00456,WRIST_WEARABLE,RISA_SYNTHETIC,W-1,ACTIVITY_AND_PULSE,5-15 min,R3_VARIABLE,FAC-07,DEDICATED,True,PAT-0456
DEV-00457,HOME_MONITOR,RISA_SYNTHETIC,M-3,MULTIVARIATE,VARIABLE,R2_STANDARD,FAC-05,DEDICATED,True,PAT-0457
WRB-00457,WRIST_WEARABLE,RISA_SYNTHETIC,W-2,ACTIVITY_AND_PULSE,5-15 min,R2_STANDARD,FAC-07,DEDICATED,True,PAT-0457
DEV-00458,HOME_MONITOR,RISA_SYNTHETIC,M-4,MULTIVARIATE,VARIABLE,R2_STANDARD,FAC-05,DEDICATED,True,PAT-0458
WRB-00458,WRIST_WEARABLE,RISA_SYNTHETIC,W-3,ACTIVITY_AND_PULSE,5-15 min,R2_STANDARD,FAC-07,DEDICATED,True,PAT-0458
DEV-00459,HOME_MONITOR,RISA_SYNTHETIC,M-5,MULTIVARIATE,VARIABLE,R2_STANDARD,FAC-05,DEDICATED,True,PAT-0459
WRB-00459,WRIST_WEARABLE,RISA_SYNTHETIC,W-4,ACTIVITY_AND_PULSE,5-15 min,R3_VARIABLE,FAC-07,DEDICATED,True,PAT-0459
DEV-00460,HOME_MONITOR,RISA_SYNTHETIC,M-1,MULTIVARIATE,VARIABLE,R2_STANDARD,FAC-05,DEDICATED,True,PAT-0460
WRB-00460,WRIST_WEARABLE,RISA_SYNTHETIC,W-1,ACTIVITY_AND_PULSE,5-15 min,R2_STANDARD,FAC-07,DEDICATED,True,PAT-0460
DEV-00461,HOME_MONITOR,RISA_SYNTHETIC,M-2,MULTIVARIATE,VARIABLE,R1_HIGH,FAC-05,DEDICATED,True,PAT-0461
WRB-00461,WRIST_WEARABLE,RISA_SYNTHETIC,W-2,ACTIVITY_AND_PULSE,5-15 min,R2_STANDARD,FAC-07,DEDICATED,True,PAT-0461
DEV-00462,HOME_MONITOR,RISA_SYNTHETIC,M-3,MULTIVARIATE,VARIABLE,R2_STANDARD,FAC-05,DEDICATED,True,PAT-0462
WRB-00462,WRIST_WEARABLE,RISA_SYNTHETIC,W-3,ACTIVITY_AND_PULSE,5-15 min,R2_STANDARD,FAC-07,DEDICATED,True,PAT-0462
DEV-00463,CLINICAL_MONITOR,RISA_SYNTHETIC,M-4,MULTIVARIATE,VARIABLE,R2_STANDARD,FAC-01,DEDICATED,True,PAT-0463
WRB-00463,WRIST_WEARABLE,RISA_SYNTHETIC,W-4,ACTIVITY_AND_PULSE,5-15 min,R2_STANDARD,FAC-07,DEDICATED,True,PAT-0463
DEV-00464,CLINICAL_MONITOR,RISA_SYNTHETIC,M-5,MULTIVARIATE,VARIABLE,R2_STANDARD,FAC-01,DEDICATED,True,PAT-0464
WRB-00464,WRIST_WEARABLE,RISA_SYNTHETIC,W-1,ACTIVITY_AND_PULSE,5-15 min,R3_VARIABLE,FAC-07,DEDICATED,True,PAT-0464
DEV-00465,CLINICAL_MONITOR,RISA_SYNTHETIC,M-1,MULTIVARIATE,VARIABLE,R2_STANDARD,FAC-01,DEDICATED,True,PAT-0465
WRB-00465,WRIST_WEARABLE,RISA_SYNTHETIC,W-2,ACTIVITY_AND_PULSE,5-15 min,R2_STANDARD,FAC-07,DEDICATED,True,PAT-0465
DEV-00466,HOME_MONITOR,RISA_SYNTHETIC,M-2,MULTIVARIATE,VARIABLE,R2_STANDARD,FAC-05,DEDICATED,True,PAT-0466
WRB-00466,WRIST_WEARABLE,RISA_SYNTHETIC,W-3,ACTIVITY_AND_PULSE,5-15 min,R2_STANDARD,FAC-07,DEDICATED,True,PAT-0466
DEV-00467,CLINICAL_MONITOR,RISA_SYNTHETIC,M-3,MULTIVARIATE,VARIABLE,R1_HIGH,FAC-01,DEDICATED,True,PAT-0467
WRB-00467,WRIST_WEARABLE,RISA_SYNTHETIC,W-4,ACTIVITY_AND_PULSE,5-15 min,R2_STANDARD,FAC-07,DEDICATED,True,PAT-0467
DEV-00468,HOME_MONITOR,RISA_SYNTHETIC,M-4,MULTIVARIATE,VARIABLE,R2_STANDARD,FAC-05,DEDICATED,True,PAT-0468
WRB-00468,WRIST_WEARABLE,RISA_SYNTHETIC,W-1,ACTIVITY_AND_PULSE,5-15 min,R3_VARIABLE,FAC-07,DEDICATED,True,PAT-0468
DEV-00469,HOME_MONITOR,RISA_SYNTHETIC,M-5,MULTIVARIATE,VARIABLE,R2_STANDARD,FAC-05,DEDICATED,True,PAT-0469
WRB-00469,WRIST_WEARABLE,RISA_SYNTHETIC,W-2,ACTIVITY_AND_PULSE,5-15 min,R2_STANDARD,FAC-07,DEDICATED,True,PAT-0469
DEV-00470,HOME_MONITOR,RISA_SYNTHETIC,M-1,MULTIVARIATE,VARIABLE,R2_STANDARD,FAC-05,DEDICATED,True,PAT-0470
WRB-00470,WRIST_WEARABLE,RISA_SYNTHETIC,W-3,ACTIVITY_AND_PULSE,5-15 min,R2_STANDARD,FAC-07,DEDICATED,True,PAT-0470
DEV-00471,HOME_MONITOR,RISA_SYNTHETIC,M-2,MULTIVARIATE,VARIABLE,R2_STANDARD,FAC-05,DEDICATED,True,PAT-0471
WRB-00471,WRIST_WEARABLE,RISA_SYNTHETIC,W-4,ACTIVITY_AND_PULSE,5-15 min,R2_STANDARD,FAC-07,DEDICATED,True,PAT-0471
DEV-00472,HOME_MONITOR,RISA_SYNTHETIC,M-3,MULTIVARIATE,VARIABLE,R2_STANDARD,FAC-05,DEDICATED,True,PAT-0472
WRB-00472,WRIST_WEARABLE,RISA_SYNTHETIC,W-1,ACTIVITY_AND_PULSE,5-15 min,R2_STANDARD,FAC-07,DEDICATED,True,PAT-0472
DEV-00473,CLINICAL_MONITOR,RISA_SYNTHETIC,M-4,MULTIVARIATE,VARIABLE,R3_VARIABLE,FAC-01,DEDICATED,True,PAT-0473
WRB-00473,WRIST_WEARABLE,RISA_SYNTHETIC,W-2,ACTIVITY_AND_PULSE,5-15 min,R2_STANDARD,FAC-07,DEDICATED,True,PAT-0473
DEV-00474,CLINICAL_MONITOR,RISA_SYNTHETIC,M-5,MULTIVARIATE,VARIABLE,R2_STANDARD,FAC-01,DEDICATED,True,PAT-0474
WRB-00474,WRIST_WEARABLE,RISA_SYNTHETIC,W-3,ACTIVITY_AND_PULSE,5-15 min,R2_STANDARD,FAC-07,DEDICATED,True,PAT-0474
DEV-00475,CLINICAL_MONITOR,RISA_SYNTHETIC,M-1,MULTIVARIATE,VARIABLE,R2_STANDARD,FAC-01,DEDICATED,True,PAT-0475
WRB-00475,WRIST_WEARABLE,RISA_SYNTHETIC,W-4,ACTIVITY_AND_PULSE,5-15 min,R2_STANDARD,FAC-07,DEDICATED,True,PAT-0475
DEV-00476,CLINICAL_MONITOR,RISA_SYNTHETIC,M-2,MULTIVARIATE,VARIABLE,R2_STANDARD,FAC-01,DEDICATED,True,PAT-0476
WRB-00476,WRIST_WEARABLE,RISA_SYNTHETIC,W-1,ACTIVITY_AND_PULSE,5-15 min,R3_VARIABLE,FAC-07,DEDICATED,True,PAT-0476
DEV-00477,HOME_MONITOR,RISA_SYNTHETIC,M-3,MULTIVARIATE,VARIABLE,R2_STANDARD,FAC-05,DEDICATED,True,PAT-0477
WRB-00477,WRIST_WEARABLE,RISA_SYNTHETIC,W-2,ACTIVITY_AND_PULSE,5-15 min,R2_STANDARD,FAC-07,DEDICATED,True,PAT-0477
DEV-00478,CLINICAL_MONITOR,RISA_SYNTHETIC,M-4,MULTIVARIATE,VARIABLE,R2_STANDARD,FAC-01,DEDICATED,True,PAT-0478
WRB-00478,WRIST_WEARABLE,RISA_SYNTHETIC,W-3,ACTIVITY_AND_PULSE,5-15 min,R2_STANDARD,FAC-07,DEDICATED,True,PAT-0478
DEV-00479,HOME_MONITOR,RISA_SYNTHETIC,M-5,MULTIVARIATE,VARIABLE,R2_STANDARD,FAC-05,DEDICATED,True,PAT-0479
WRB-00479,WRIST_WEARABLE,RISA_SYNTHETIC,W-4,ACTIVITY_AND_PULSE,5-15 min,R2_STANDARD,FAC-07,DEDICATED,True,PAT-0479
DEV-00480,HOME_MONITOR,RISA_SYNTHETIC,M-1,MULTIVARIATE,VARIABLE,R1_HIGH,FAC-05,DEDICATED,True,PAT-0480
WRB-00480,WRIST_WEARABLE,RISA_SYNTHETIC,W-1,ACTIVITY_AND_PULSE,5-15 min,R2_STANDARD,FAC-07,DEDICATED,True,PAT-0480
DEV-00481,HOME_MONITOR,RISA_SYNTHETIC,M-2,MULTIVARIATE,VARIABLE,R2_STANDARD,FAC-05,DEDICATED,True,PAT-0481
WRB-00481,WRIST_WEARABLE,RISA_SYNTHETIC,W-2,ACTIVITY_AND_PULSE,5-15 min,R2_STANDARD,FAC-07,DEDICATED,True,PAT-0481
DEV-00482,HOME_MONITOR,RISA_SYNTHETIC,M-3,MULTIVARIATE,VARIABLE,R2_STANDARD,FAC-05,DEDICATED,True,PAT-0482
WRB-00482,WRIST_WEARABLE,RISA_SYNTHETIC,W-3,ACTIVITY_AND_PULSE,5-15 min,R2_STANDARD,FAC-07,DEDICATED,True,PAT-0482
DEV-00483,CLINICAL_MONITOR,RISA_SYNTHETIC,M-4,MULTIVARIATE,VARIABLE,R3_VARIABLE,FAC-01,DEDICATED,True,PAT-0483
WRB-00483,WRIST_WEARABLE,RISA_SYNTHETIC,W-4,ACTIVITY_AND_PULSE,5-15 min,R2_STANDARD,FAC-07,DEDICATED,True,PAT-0483
DEV-00484,HOME_MONITOR,RISA_SYNTHETIC,M-5,MULTIVARIATE,VARIABLE,R3_VARIABLE,FAC-05,DEDICATED,True,PAT-0484
WRB-00484,WRIST_WEARABLE,RISA_SYNTHETIC,W-1,ACTIVITY_AND_PULSE,5-15 min,R2_STANDARD,FAC-07,DEDICATED,True,PAT-0484
DEV-00485,CLINICAL_MONITOR,RISA_SYNTHETIC,M-1,MULTIVARIATE,VARIABLE,R2_STANDARD,FAC-01,DEDICATED,True,PAT-0485
WRB-00485,WRIST_WEARABLE,RISA_SYNTHETIC,W-2,ACTIVITY_AND_PULSE,5-15 min,R2_STANDARD,FAC-07,DEDICATED,True,PAT-0485
DEV-00486,HOME_MONITOR,RISA_SYNTHETIC,M-2,MULTIVARIATE,VARIABLE,R2_STANDARD,FAC-05,DEDICATED,True,PAT-0486
WRB-00486,WRIST_WEARABLE,RISA_SYNTHETIC,W-3,ACTIVITY_AND_PULSE,5-15 min,R2_STANDARD,FAC-07,DEDICATED,True,PAT-0486
DEV-00487,CLINICAL_MONITOR,RISA_SYNTHETIC,M-3,MULTIVARIATE,VARIABLE,R2_STANDARD,FAC-01,DEDICATED,True,PAT-0487
WRB-00487,WRIST_WEARABLE,RISA_SYNTHETIC,W-4,ACTIVITY_AND_PULSE,5-15 min,R3_VARIABLE,FAC-07,DEDICATED,True,PAT-0487
DEV-00488,HOME_MONITOR,RISA_SYNTHETIC,M-4,MULTIVARIATE,VARIABLE,R2_STANDARD,FAC-05,DEDICATED,True,PAT-0488
WRB-00488,WRIST_WEARABLE,RISA_SYNTHETIC,W-1,ACTIVITY_AND_PULSE,5-15 min,R2_STANDARD,FAC-07,DEDICATED,True,PAT-0488
DEV-00489,HOME_MONITOR,RISA_SYNTHETIC,M-5,MULTIVARIATE,VARIABLE,R2_STANDARD,FAC-05,DEDICATED,True,PAT-0489
WRB-00489,WRIST_WEARABLE,RISA_SYNTHETIC,W-2,ACTIVITY_AND_PULSE,5-15 min,R2_STANDARD,FAC-07,DEDICATED,True,PAT-0489
DEV-00490,HOME_MONITOR,RISA_SYNTHETIC,M-1,MULTIVARIATE,VARIABLE,R2_STANDARD,FAC-05,DEDICATED,True,PAT-0490
WRB-00490,WRIST_WEARABLE,RISA_SYNTHETIC,W-3,ACTIVITY_AND_PULSE,5-15 min,R3_VARIABLE,FAC-07,DEDICATED,True,PAT-0490
DEV-00491,HOME_MONITOR,RISA_SYNTHETIC,M-2,MULTIVARIATE,VARIABLE,R2_STANDARD,FAC-05,DEDICATED,True,PAT-0491
WRB-00491,WRIST_WEARABLE,RISA_SYNTHETIC,W-4,ACTIVITY_AND_PULSE,5-15 min,R2_STANDARD,FAC-07,DEDICATED,True,PAT-0491
DEV-00492,CLINICAL_MONITOR,RISA_SYNTHETIC,M-3,MULTIVARIATE,VARIABLE,R2_STANDARD,FAC-01,DEDICATED,True,PAT-0492
WRB-00492,WRIST_WEARABLE,RISA_SYNTHETIC,W-1,ACTIVITY_AND_PULSE,5-15 min,R2_STANDARD,FAC-07,DEDICATED,True,PAT-0492
DEV-00493,HOME_MONITOR,RISA_SYNTHETIC,M-4,MULTIVARIATE,VARIABLE,R1_HIGH,FAC-05,DEDICATED,True,PAT-0493
WRB-00493,WRIST_WEARABLE,RISA_SYNTHETIC,W-2,ACTIVITY_AND_PULSE,5-15 min,R2_STANDARD,FAC-07,DEDICATED,True,PAT-0493
DEV-00494,CLINICAL_MONITOR,RISA_SYNTHETIC,M-5,MULTIVARIATE,VARIABLE,R1_HIGH,FAC-01,DEDICATED,True,PAT-0494
WRB-00494,WRIST_WEARABLE,RISA_SYNTHETIC,W-3,ACTIVITY_AND_PULSE,5-15 min,R2_STANDARD,FAC-07,DEDICATED,True,PAT-0494
DEV-00495,HOME_MONITOR,RISA_SYNTHETIC,M-1,MULTIVARIATE,VARIABLE,R2_STANDARD,FAC-05,DEDICATED,True,PAT-0495
WRB-00495,WRIST_WEARABLE,RISA_SYNTHETIC,W-4,ACTIVITY_AND_PULSE,5-15 min,R2_STANDARD,FAC-07,DEDICATED,True,PAT-0495
DEV-00496,CLINICAL_MONITOR,RISA_SYNTHETIC,M-2,MULTIVARIATE,VARIABLE,R2_STANDARD,FAC-01,DEDICATED,True,PAT-0496
WRB-00496,WRIST_WEARABLE,RISA_SYNTHETIC,W-1,ACTIVITY_AND_PULSE,5-15 min,R2_STANDARD,FAC-07,DEDICATED,True,PAT-0496
DEV-00497,CLINICAL_MONITOR,RISA_SYNTHETIC,M-3,MULTIVARIATE,VARIABLE,R2_STANDARD,FAC-01,DEDICATED,True,PAT-0497
WRB-00497,WRIST_WEARABLE,RISA_SYNTHETIC,W-2,ACTIVITY_AND_PULSE,5-15 min,R2_STANDARD,FAC-07,DEDICATED,True,PAT-0497
DEV-00498,HOME_MONITOR,RISA_SYNTHETIC,M-4,MULTIVARIATE,VARIABLE,R2_STANDARD,FAC-05,DEDICATED,True,PAT-0498
WRB-00498,WRIST_WEARABLE,RISA_SYNTHETIC,W-3,ACTIVITY_AND_PULSE,5-15 min,R2_STANDARD,FAC-07,DEDICATED,True,PAT-0498
DEV-00499,HOME_MONITOR,RISA_SYNTHETIC,M-5,MULTIVARIATE,VARIABLE,R2_STANDARD,FAC-05,DEDICATED,True,PAT-0499
WRB-00499,WRIST_WEARABLE,RISA_SYNTHETIC,W-4,ACTIVITY_AND_PULSE,5-15 min,R3_VARIABLE,FAC-07,DEDICATED,True,PAT-0499
DEV-00500,HOME_MONITOR,RISA_SYNTHETIC,M-1,MULTIVARIATE,VARIABLE,R2_STANDARD,FAC-05,DEDICATED,True,PAT-0500
WRB-00500,WRIST_WEARABLE,RISA_SYNTHETIC,W-1,ACTIVITY_AND_PULSE,5-15 min,R2_STANDARD,FAC-07,DEDICATED,True,PAT-0500
DEV-00501,CLINICAL_MONITOR,RISA_SYNTHETIC,M-2,MULTIVARIATE,VARIABLE,R2_STANDARD,FAC-01,DEDICATED,True,PAT-0501
WRB-00501,WRIST_WEARABLE,RISA_SYNTHETIC,W-2,ACTIVITY_AND_PULSE,5-15 min,R2_STANDARD,FAC-07,DEDICATED,True,PAT-0501
DEV-00502,HOME_MONITOR,RISA_SYNTHETIC,M-3,MULTIVARIATE,VARIABLE,R1_HIGH,FAC-05,DEDICATED,True,PAT-0502
WRB-00502,WRIST_WEARABLE,RISA_SYNTHETIC,W-3,ACTIVITY_AND_PULSE,5-15 min,R2_STANDARD,FAC-07,DEDICATED,True,PAT-0502
DEV-00503,HOME_MONITOR,RISA_SYNTHETIC,M-4,MULTIVARIATE,VARIABLE,R2_STANDARD,FAC-05,DEDICATED,True,PAT-0503
WRB-00503,WRIST_WEARABLE,RISA_SYNTHETIC,W-4,ACTIVITY_AND_PULSE,5-15 min,R2_STANDARD,FAC-07,DEDICATED,True,PAT-0503
DEV-00504,CLINICAL_MONITOR,RISA_SYNTHETIC,M-5,MULTIVARIATE,VARIABLE,R1_HIGH,FAC-01,DEDICATED,True,PAT-0504
WRB-00504,WRIST_WEARABLE,RISA_SYNTHETIC,W-1,ACTIVITY_AND_PULSE,5-15 min,R2_STANDARD,FAC-07,DEDICATED,True,PAT-0504
DEV-00505,HOME_MONITOR,RISA_SYNTHETIC,M-1,MULTIVARIATE,VARIABLE,R2_STANDARD,FAC-05,DEDICATED,True,PAT-0505
WRB-00505,WRIST_WEARABLE,RISA_SYNTHETIC,W-2,ACTIVITY_AND_PULSE,5-15 min,R2_STANDARD,FAC-07,DEDICATED,True,PAT-0505
DEV-00506,HOME_MONITOR,RISA_SYNTHETIC,M-2,MULTIVARIATE,VARIABLE,R2_STANDARD,FAC-05,DEDICATED,True,PAT-0506
WRB-00506,WRIST_WEARABLE,RISA_SYNTHETIC,W-3,ACTIVITY_AND_PULSE,5-15 min,R2_STANDARD,FAC-07,DEDICATED,True,PAT-0506
DEV-00507,CLINICAL_MONITOR,RISA_SYNTHETIC,M-3,MULTIVARIATE,VARIABLE,R2_STANDARD,FAC-01,DEDICATED,True,PAT-0507
WRB-00507,WRIST_WEARABLE,RISA_SYNTHETIC,W-4,ACTIVITY_AND_PULSE,5-15 min,R2_STANDARD,FAC-07,DEDICATED,True,PAT-0507
DEV-00508,HOME_MONITOR,RISA_SYNTHETIC,M-4,MULTIVARIATE,VARIABLE,R3_VARIABLE,FAC-05,DEDICATED,True,PAT-0508
WRB-00508,WRIST_WEARABLE,RISA_SYNTHETIC,W-1,ACTIVITY_AND_PULSE,5-15 min,R2_STANDARD,FAC-07,DEDICATED,True,PAT-0508
DEV-00509,CLINICAL_MONITOR,RISA_SYNTHETIC,M-5,MULTIVARIATE,VARIABLE,R3_VARIABLE,FAC-01,DEDICATED,True,PAT-0509
WRB-00509,WRIST_WEARABLE,RISA_SYNTHETIC,W-2,ACTIVITY_AND_PULSE,5-15 min,R2_STANDARD,FAC-07,DEDICATED,True,PAT-0509
DEV-00510,HOME_MONITOR,RISA_SYNTHETIC,M-1,MULTIVARIATE,VARIABLE,R2_STANDARD,FAC-05,DEDICATED,True,PAT-0510
WRB-00510,WRIST_WEARABLE,RISA_SYNTHETIC,W-3,ACTIVITY_AND_PULSE,5-15 min,R2_STANDARD,FAC-07,DEDICATED,True,PAT-0510
DEV-00511,CLINICAL_MONITOR,RISA_SYNTHETIC,M-2,MULTIVARIATE,VARIABLE,R1_HIGH,FAC-01,DEDICATED,True,PAT-0511
WRB-00511,WRIST_WEARABLE,RISA_SYNTHETIC,W-4,ACTIVITY_AND_PULSE,5-15 min,R3_VARIABLE,FAC-07,DEDICATED,True,PAT-0511
DEV-00512,HOME_MONITOR,RISA_SYNTHETIC,M-3,MULTIVARIATE,VARIABLE,R3_VARIABLE,FAC-05,DEDICATED,True,PAT-0512
WRB-00512,WRIST_WEARABLE,RISA_SYNTHETIC,W-1,ACTIVITY_AND_PULSE,5-15 min,R2_STANDARD,FAC-07,DEDICATED,True,PAT-0512
DEV-00513,HOME_MONITOR,RISA_SYNTHETIC,M-4,MULTIVARIATE,VARIABLE,R3_VARIABLE,FAC-05,DEDICATED,True,PAT-0513
WRB-00513,WRIST_WEARABLE,RISA_SYNTHETIC,W-2,ACTIVITY_AND_PULSE,5-15 min,R3_VARIABLE,FAC-07,DEDICATED,True,PAT-0513
DEV-00514,HOME_MONITOR,RISA_SYNTHETIC,M-5,MULTIVARIATE,VARIABLE,R1_HIGH,FAC-05,DEDICATED,True,PAT-0514
WRB-00514,WRIST_WEARABLE,RISA_SYNTHETIC,W-3,ACTIVITY_AND_PULSE,5-15 min,R2_STANDARD,FAC-07,DEDICATED,True,PAT-0514
DEV-00515,HOME_MONITOR,RISA_SYNTHETIC,M-1,MULTIVARIATE,VARIABLE,R3_VARIABLE,FAC-05,DEDICATED,True,PAT-0515
WRB-00515,WRIST_WEARABLE,RISA_SYNTHETIC,W-4,ACTIVITY_AND_PULSE,5-15 min,R3_VARIABLE,FAC-07,DEDICATED,True,PAT-0515
DEV-00516,HOME_MONITOR,RISA_SYNTHETIC,M-2,MULTIVARIATE,VARIABLE,R2_STANDARD,FAC-05,DEDICATED,True,PAT-0516
WRB-00516,WRIST_WEARABLE,RISA_SYNTHETIC,W-1,ACTIVITY_AND_PULSE,5-15 min,R2_STANDARD,FAC-07,DEDICATED,True,PAT-0516
DEV-00517,CLINICAL_MONITOR,RISA_SYNTHETIC,M-3,MULTIVARIATE,VARIABLE,R2_STANDARD,FAC-01,DEDICATED,True,PAT-0517
WRB-00517,WRIST_WEARABLE,RISA_SYNTHETIC,W-2,ACTIVITY_AND_PULSE,5-15 min,R2_STANDARD,FAC-07,DEDICATED,True,PAT-0517
DEV-00518,HOME_MONITOR,RISA_SYNTHETIC,M-4,MULTIVARIATE,VARIABLE,R2_STANDARD,FAC-05,DEDICATED,True,PAT-0518
WRB-00518,WRIST_WEARABLE,RISA_SYNTHETIC,W-3,ACTIVITY_AND_PULSE,5-15 min,R3_VARIABLE,FAC-07,DEDICATED,True,PAT-0518
DEV-00519,CLINICAL_MONITOR,RISA_SYNTHETIC,M-5,MULTIVARIATE,VARIABLE,R3_VARIABLE,FAC-01,DEDICATED,True,PAT-0519
WRB-00519,WRIST_WEARABLE,RISA_SYNTHETIC,W-4,ACTIVITY_AND_PULSE,5-15 min,R2_STANDARD,FAC-07,DEDICATED,True,PAT-0519
DEV-00520,CLINICAL_MONITOR,RISA_SYNTHETIC,M-1,MULTIVARIATE,VARIABLE,R2_STANDARD,FAC-01,DEDICATED,True,PAT-0520
WRB-00520,WRIST_WEARABLE,RISA_SYNTHETIC,W-1,ACTIVITY_AND_PULSE,5-15 min,R2_STANDARD,FAC-07,DEDICATED,True,PAT-0520
DEV-00521,HOME_MONITOR,RISA_SYNTHETIC,M-2,MULTIVARIATE,VARIABLE,R2_STANDARD,FAC-05,DEDICATED,True,PAT-0521
WRB-00521,WRIST_WEARABLE,RISA_SYNTHETIC,W-2,ACTIVITY_AND_PULSE,5-15 min,R2_STANDARD,FAC-07,DEDICATED,True,PAT-0521
DEV-00522,HOME_MONITOR,RISA_SYNTHETIC,M-3,MULTIVARIATE,VARIABLE,R2_STANDARD,FAC-05,DEDICATED,True,PAT-0522
WRB-00522,WRIST_WEARABLE,RISA_SYNTHETIC,W-3,ACTIVITY_AND_PULSE,5-15 min,R2_STANDARD,FAC-07,DEDICATED,True,PAT-0522
DEV-00523,HOME_MONITOR,RISA_SYNTHETIC,M-4,MULTIVARIATE,VARIABLE,R2_STANDARD,FAC-05,DEDICATED,True,PAT-0523
WRB-00523,WRIST_WEARABLE,RISA_SYNTHETIC,W-4,ACTIVITY_AND_PULSE,5-15 min,R2_STANDARD,FAC-07,DEDICATED,True,PAT-0523
DEV-00524,HOME_MONITOR,RISA_SYNTHETIC,M-5,MULTIVARIATE,VARIABLE,R2_STANDARD,FAC-05,DEDICATED,True,PAT-0524
WRB-00524,WRIST_WEARABLE,RISA_SYNTHETIC,W-1,ACTIVITY_AND_PULSE,5-15 min,R2_STANDARD,FAC-07,DEDICATED,True,PAT-0524
DEV-00525,CLINICAL_MONITOR,RISA_SYNTHETIC,M-1,MULTIVARIATE,VARIABLE,R3_VARIABLE,FAC-01,DEDICATED,True,PAT-0525
WRB-00525,WRIST_WEARABLE,RISA_SYNTHETIC,W-2,ACTIVITY_AND_PULSE,5-15 min,R2_STANDARD,FAC-07,DEDICATED,True,PAT-0525
DEV-00526,HOME_MONITOR,RISA_SYNTHETIC,M-2,MULTIVARIATE,VARIABLE,R2_STANDARD,FAC-05,DEDICATED,True,PAT-0526
WRB-00526,WRIST_WEARABLE,RISA_SYNTHETIC,W-3,ACTIVITY_AND_PULSE,5-15 min,R3_VARIABLE,FAC-07,DEDICATED,True,PAT-0526
DEV-00527,HOME_MONITOR,RISA_SYNTHETIC,M-3,MULTIVARIATE,VARIABLE,R2_STANDARD,FAC-05,DEDICATED,True,PAT-0527
WRB-00527,WRIST_WEARABLE,RISA_SYNTHETIC,W-4,ACTIVITY_AND_PULSE,5-15 min,R2_STANDARD,FAC-07,DEDICATED,True,PAT-0527
DEV-00528,HOME_MONITOR,RISA_SYNTHETIC,M-4,MULTIVARIATE,VARIABLE,R3_VARIABLE,FAC-05,DEDICATED,True,PAT-0528
WRB-00528,WRIST_WEARABLE,RISA_SYNTHETIC,W-1,ACTIVITY_AND_PULSE,5-15 min,R2_STANDARD,FAC-07,DEDICATED,True,PAT-0528
DEV-00529,HOME_MONITOR,RISA_SYNTHETIC,M-5,MULTIVARIATE,VARIABLE,R2_STANDARD,FAC-05,DEDICATED,True,PAT-0529
WRB-00529,WRIST_WEARABLE,RISA_SYNTHETIC,W-2,ACTIVITY_AND_PULSE,5-15 min,R2_STANDARD,FAC-07,DEDICATED,True,PAT-0529
DEV-00530,CLINICAL_MONITOR,RISA_SYNTHETIC,M-1,MULTIVARIATE,VARIABLE,R2_STANDARD,FAC-01,DEDICATED,True,PAT-0530
WRB-00530,WRIST_WEARABLE,RISA_SYNTHETIC,W-3,ACTIVITY_AND_PULSE,5-15 min,R2_STANDARD,FAC-07,DEDICATED,True,PAT-0530
DEV-00531,HOME_MONITOR,RISA_SYNTHETIC,M-2,MULTIVARIATE,VARIABLE,R2_STANDARD,FAC-05,DEDICATED,True,PAT-0531
WRB-00531,WRIST_WEARABLE,RISA_SYNTHETIC,W-4,ACTIVITY_AND_PULSE,5-15 min,R2_STANDARD,FAC-07,DEDICATED,True,PAT-0531
DEV-00532,CLINICAL_MONITOR,RISA_SYNTHETIC,M-3,MULTIVARIATE,VARIABLE,R3_VARIABLE,FAC-01,DEDICATED,True,PAT-0532
WRB-00532,WRIST_WEARABLE,RISA_SYNTHETIC,W-1,ACTIVITY_AND_PULSE,5-15 min,R3_VARIABLE,FAC-07,DEDICATED,True,PAT-0532
DEV-00533,HOME_MONITOR,RISA_SYNTHETIC,M-4,MULTIVARIATE,VARIABLE,R2_STANDARD,FAC-05,DEDICATED,True,PAT-0533
WRB-00533,WRIST_WEARABLE,RISA_SYNTHETIC,W-2,ACTIVITY_AND_PULSE,5-15 min,R2_STANDARD,FAC-07,DEDICATED,True,PAT-0533
DEV-00534,CLINICAL_MONITOR,RISA_SYNTHETIC,M-5,MULTIVARIATE,VARIABLE,R2_STANDARD,FAC-01,DEDICATED,True,PAT-0534
WRB-00534,WRIST_WEARABLE,RISA_SYNTHETIC,W-3,ACTIVITY_AND_PULSE,5-15 min,R2_STANDARD,FAC-07,DEDICATED,True,PAT-0534
DEV-00535,HOME_MONITOR,RISA_SYNTHETIC,M-1,MULTIVARIATE,VARIABLE,R2_STANDARD,FAC-05,DEDICATED,True,PAT-0535
WRB-00535,WRIST_WEARABLE,RISA_SYNTHETIC,W-4,ACTIVITY_AND_PULSE,5-15 min,R2_STANDARD,FAC-07,DEDICATED,True,PAT-0535
DEV-00536,HOME_MONITOR,RISA_SYNTHETIC,M-2,MULTIVARIATE,VARIABLE,R1_HIGH,FAC-05,DEDICATED,True,PAT-0536
WRB-00536,WRIST_WEARABLE,RISA_SYNTHETIC,W-1,ACTIVITY_AND_PULSE,5-15 min,R2_STANDARD,FAC-07,DEDICATED,True,PAT-0536
DEV-00537,HOME_MONITOR,RISA_SYNTHETIC,M-3,MULTIVARIATE,VARIABLE,R3_VARIABLE,FAC-05,DEDICATED,True,PAT-0537
WRB-00537,WRIST_WEARABLE,RISA_SYNTHETIC,W-2,ACTIVITY_AND_PULSE,5-15 min,R2_STANDARD,FAC-07,DEDICATED,True,PAT-0537
DEV-00538,HOME_MONITOR,RISA_SYNTHETIC,M-4,MULTIVARIATE,VARIABLE,R2_STANDARD,FAC-05,DEDICATED,True,PAT-0538
WRB-00538,WRIST_WEARABLE,RISA_SYNTHETIC,W-3,ACTIVITY_AND_PULSE,5-15 min,R2_STANDARD,FAC-07,DEDICATED,True,PAT-0538
DEV-00539,HOME_MONITOR,RISA_SYNTHETIC,M-5,MULTIVARIATE,VARIABLE,R2_STANDARD,FAC-05,DEDICATED,True,PAT-0539
WRB-00539,WRIST_WEARABLE,RISA_SYNTHETIC,W-4,ACTIVITY_AND_PULSE,5-15 min,R2_STANDARD,FAC-07,DEDICATED,True,PAT-0539
DEV-00540,CLINICAL_MONITOR,RISA_SYNTHETIC,M-1,MULTIVARIATE,VARIABLE,R1_HIGH,FAC-01,DEDICATED,True,PAT-0540
WRB-00540,WRIST_WEARABLE,RISA_SYNTHETIC,W-1,ACTIVITY_AND_PULSE,5-15 min,R2_STANDARD,FAC-07,DEDICATED,True,PAT-0540
DEV-00541,CLINICAL_MONITOR,RISA_SYNTHETIC,M-2,MULTIVARIATE,VARIABLE,R2_STANDARD,FAC-01,DEDICATED,True,PAT-0541
WRB-00541,WRIST_WEARABLE,RISA_SYNTHETIC,W-2,ACTIVITY_AND_PULSE,5-15 min,R2_STANDARD,FAC-07,DEDICATED,True,PAT-0541
DEV-00542,HOME_MONITOR,RISA_SYNTHETIC,M-3,MULTIVARIATE,VARIABLE,R1_HIGH,FAC-05,DEDICATED,True,PAT-0542
WRB-00542,WRIST_WEARABLE,RISA_SYNTHETIC,W-3,ACTIVITY_AND_PULSE,5-15 min,R3_VARIABLE,FAC-07,DEDICATED,True,PAT-0542
DEV-00543,HOME_MONITOR,RISA_SYNTHETIC,M-4,MULTIVARIATE,VARIABLE,R2_STANDARD,FAC-05,DEDICATED,True,PAT-0543
WRB-00543,WRIST_WEARABLE,RISA_SYNTHETIC,W-4,ACTIVITY_AND_PULSE,5-15 min,R3_VARIABLE,FAC-07,DEDICATED,True,PAT-0543
DEV-00544,CLINICAL_MONITOR,RISA_SYNTHETIC,M-5,MULTIVARIATE,VARIABLE,R2_STANDARD,FAC-01,DEDICATED,True,PAT-0544
WRB-00544,WRIST_WEARABLE,RISA_SYNTHETIC,W-1,ACTIVITY_AND_PULSE,5-15 min,R2_STANDARD,FAC-07,DEDICATED,True,PAT-0544
DEV-00545,HOME_MONITOR,RISA_SYNTHETIC,M-1,MULTIVARIATE,VARIABLE,R1_HIGH,FAC-05,DEDICATED,True,PAT-0545
WRB-00545,WRIST_WEARABLE,RISA_SYNTHETIC,W-2,ACTIVITY_AND_PULSE,5-15 min,R3_VARIABLE,FAC-07,DEDICATED,True,PAT-0545
DEV-00546,HOME_MONITOR,RISA_SYNTHETIC,M-2,MULTIVARIATE,VARIABLE,R2_STANDARD,FAC-05,DEDICATED,True,PAT-0546
WRB-00546,WRIST_WEARABLE,RISA_SYNTHETIC,W-3,ACTIVITY_AND_PULSE,5-15 min,R2_STANDARD,FAC-07,DEDICATED,True,PAT-0546
DEV-00547,HOME_MONITOR,RISA_SYNTHETIC,M-3,MULTIVARIATE,VARIABLE,R3_VARIABLE,FAC-05,DEDICATED,True,PAT-0547
WRB-00547,WRIST_WEARABLE,RISA_SYNTHETIC,W-4,ACTIVITY_AND_PULSE,5-15 min,R2_STANDARD,FAC-07,DEDICATED,True,PAT-0547
DEV-00548,HOME_MONITOR,RISA_SYNTHETIC,M-4,MULTIVARIATE,VARIABLE,R3_VARIABLE,FAC-05,DEDICATED,True,PAT-0548
WRB-00548,WRIST_WEARABLE,RISA_SYNTHETIC,W-1,ACTIVITY_AND_PULSE,5-15 min,R2_STANDARD,FAC-07,DEDICATED,True,PAT-0548
DEV-00549,CLINICAL_MONITOR,RISA_SYNTHETIC,M-5,MULTIVARIATE,VARIABLE,R1_HIGH,FAC-01,DEDICATED,True,PAT-0549
WRB-00549,WRIST_WEARABLE,RISA_SYNTHETIC,W-2,ACTIVITY_AND_PULSE,5-15 min,R3_VARIABLE,FAC-07,DEDICATED,True,PAT-0549
DEV-00550,HOME_MONITOR,RISA_SYNTHETIC,M-1,MULTIVARIATE,VARIABLE,R2_STANDARD,FAC-05,DEDICATED,True,PAT-0550
WRB-00550,WRIST_WEARABLE,RISA_SYNTHETIC,W-3,ACTIVITY_AND_PULSE,5-15 min,R2_STANDARD,FAC-07,DEDICATED,True,PAT-0550
DEV-00551,HOME_MONITOR,RISA_SYNTHETIC,M-2,MULTIVARIATE,VARIABLE,R3_VARIABLE,FAC-05,DEDICATED,True,PAT-0551
WRB-00551,WRIST_WEARABLE,RISA_SYNTHETIC,W-4,ACTIVITY_AND_PULSE,5-15 min,R3_VARIABLE,FAC-07,DEDICATED,True,PAT-0551
DEV-00552,HOME_MONITOR,RISA_SYNTHETIC,M-3,MULTIVARIATE,VARIABLE,R2_STANDARD,FAC-05,DEDICATED,True,PAT-0552
WRB-00552,WRIST_WEARABLE,RISA_SYNTHETIC,W-1,ACTIVITY_AND_PULSE,5-15 min,R2_STANDARD,FAC-07,DEDICATED,True,PAT-0552
DEV-00553,CLINICAL_MONITOR,RISA_SYNTHETIC,M-4,MULTIVARIATE,VARIABLE,R2_STANDARD,FAC-01,DEDICATED,True,PAT-0553
WRB-00553,WRIST_WEARABLE,RISA_SYNTHETIC,W-2,ACTIVITY_AND_PULSE,5-15 min,R3_VARIABLE,FAC-07,DEDICATED,True,PAT-0553
DEV-00554,HOME_MONITOR,RISA_SYNTHETIC,M-5,MULTIVARIATE,VARIABLE,R2_STANDARD,FAC-05,DEDICATED,True,PAT-0554
WRB-00554,WRIST_WEARABLE,RISA_SYNTHETIC,W-3,ACTIVITY_AND_PULSE,5-15 min,R2_STANDARD,FAC-07,DEDICATED,True,PAT-0554
DEV-00555,CLINICAL_MONITOR,RISA_SYNTHETIC,M-1,MULTIVARIATE,VARIABLE,R2_STANDARD,FAC-01,DEDICATED,True,PAT-0555
WRB-00555,WRIST_WEARABLE,RISA_SYNTHETIC,W-4,ACTIVITY_AND_PULSE,5-15 min,R2_STANDARD,FAC-07,DEDICATED,True,PAT-0555
DEV-00556,HOME_MONITOR,RISA_SYNTHETIC,M-2,MULTIVARIATE,VARIABLE,R2_STANDARD,FAC-05,DEDICATED,True,PAT-0556
WRB-00556,WRIST_WEARABLE,RISA_SYNTHETIC,W-1,ACTIVITY_AND_PULSE,5-15 min,R2_STANDARD,FAC-07,DEDICATED,True,PAT-0556
DEV-00557,HOME_MONITOR,RISA_SYNTHETIC,M-3,MULTIVARIATE,VARIABLE,R2_STANDARD,FAC-05,DEDICATED,True,PAT-0557
WRB-00557,WRIST_WEARABLE,RISA_SYNTHETIC,W-2,ACTIVITY_AND_PULSE,5-15 min,R3_VARIABLE,FAC-07,DEDICATED,True,PAT-0557
DEV-00558,HOME_MONITOR,RISA_SYNTHETIC,M-4,MULTIVARIATE,VARIABLE,R2_STANDARD,FAC-05,DEDICATED,True,PAT-0558
WRB-00558,WRIST_WEARABLE,RISA_SYNTHETIC,W-3,ACTIVITY_AND_PULSE,5-15 min,R2_STANDARD,FAC-07,DEDICATED,True,PAT-0558
DEV-00559,CLINICAL_MONITOR,RISA_SYNTHETIC,M-5,MULTIVARIATE,VARIABLE,R1_HIGH,FAC-01,DEDICATED,True,PAT-0559
WRB-00559,WRIST_WEARABLE,RISA_SYNTHETIC,W-4,ACTIVITY_AND_PULSE,5-15 min,R3_VARIABLE,FAC-07,DEDICATED,True,PAT-0559
DEV-00560,HOME_MONITOR,RISA_SYNTHETIC,M-1,MULTIVARIATE,VARIABLE,R1_HIGH,FAC-05,DEDICATED,True,PAT-0560
WRB-00560,WRIST_WEARABLE,RISA_SYNTHETIC,W-1,ACTIVITY_AND_PULSE,5-15 min,R2_STANDARD,FAC-07,DEDICATED,True,PAT-0560
DEV-00561,HOME_MONITOR,RISA_SYNTHETIC,M-2,MULTIVARIATE,VARIABLE,R2_STANDARD,FAC-05,DEDICATED,True,PAT-0561
WRB-00561,WRIST_WEARABLE,RISA_SYNTHETIC,W-2,ACTIVITY_AND_PULSE,5-15 min,R2_STANDARD,FAC-07,DEDICATED,True,PAT-0561
DEV-00562,HOME_MONITOR,RISA_SYNTHETIC,M-3,MULTIVARIATE,VARIABLE,R2_STANDARD,FAC-05,DEDICATED,True,PAT-0562
WRB-00562,WRIST_WEARABLE,RISA_SYNTHETIC,W-3,ACTIVITY_AND_PULSE,5-15 min,R3_VARIABLE,FAC-07,DEDICATED,True,PAT-0562
DEV-00563,CLINICAL_MONITOR,RISA_SYNTHETIC,M-4,MULTIVARIATE,VARIABLE,R2_STANDARD,FAC-01,DEDICATED,True,PAT-0563
WRB-00563,WRIST_WEARABLE,RISA_SYNTHETIC,W-4,ACTIVITY_AND_PULSE,5-15 min,R2_STANDARD,FAC-07,DEDICATED,True,PAT-0563
DEV-00564,HOME_MONITOR,RISA_SYNTHETIC,M-5,MULTIVARIATE,VARIABLE,R2_STANDARD,FAC-05,DEDICATED,True,PAT-0564
WRB-00564,WRIST_WEARABLE,RISA_SYNTHETIC,W-1,ACTIVITY_AND_PULSE,5-15 min,R2_STANDARD,FAC-07,DEDICATED,True,PAT-0564
DEV-00565,HOME_MONITOR,RISA_SYNTHETIC,M-1,MULTIVARIATE,VARIABLE,R2_STANDARD,FAC-05,DEDICATED,True,PAT-0565
WRB-00565,WRIST_WEARABLE,RISA_SYNTHETIC,W-2,ACTIVITY_AND_PULSE,5-15 min,R2_STANDARD,FAC-07,DEDICATED,True,PAT-0565
DEV-00566,HOME_MONITOR,RISA_SYNTHETIC,M-2,MULTIVARIATE,VARIABLE,R2_STANDARD,FAC-05,DEDICATED,True,PAT-0566
WRB-00566,WRIST_WEARABLE,RISA_SYNTHETIC,W-3,ACTIVITY_AND_PULSE,5-15 min,R2_STANDARD,FAC-07,DEDICATED,True,PAT-0566
DEV-00567,CLINICAL_MONITOR,RISA_SYNTHETIC,M-3,MULTIVARIATE,VARIABLE,R1_HIGH,FAC-01,DEDICATED,True,PAT-0567
WRB-00567,WRIST_WEARABLE,RISA_SYNTHETIC,W-4,ACTIVITY_AND_PULSE,5-15 min,R2_STANDARD,FAC-07,DEDICATED,True,PAT-0567
DEV-00568,HOME_MONITOR,RISA_SYNTHETIC,M-4,MULTIVARIATE,VARIABLE,R3_VARIABLE,FAC-05,DEDICATED,True,PAT-0568
WRB-00568,WRIST_WEARABLE,RISA_SYNTHETIC,W-1,ACTIVITY_AND_PULSE,5-15 min,R2_STANDARD,FAC-07,DEDICATED,True,PAT-0568
DEV-00569,HOME_MONITOR,RISA_SYNTHETIC,M-5,MULTIVARIATE,VARIABLE,R3_VARIABLE,FAC-05,DEDICATED,True,PAT-0569
WRB-00569,WRIST_WEARABLE,RISA_SYNTHETIC,W-2,ACTIVITY_AND_PULSE,5-15 min,R3_VARIABLE,FAC-07,DEDICATED,True,PAT-0569
DEV-00570,HOME_MONITOR,RISA_SYNTHETIC,M-1,MULTIVARIATE,VARIABLE,R2_STANDARD,FAC-05,DEDICATED,True,PAT-0570
WRB-00570,WRIST_WEARABLE,RISA_SYNTHETIC,W-3,ACTIVITY_AND_PULSE,5-15 min,R3_VARIABLE,FAC-07,DEDICATED,True,PAT-0570
DEV-00571,HOME_MONITOR,RISA_SYNTHETIC,M-2,MULTIVARIATE,VARIABLE,R1_HIGH,FAC-05,DEDICATED,True,PAT-0571
WRB-00571,WRIST_WEARABLE,RISA_SYNTHETIC,W-4,ACTIVITY_AND_PULSE,5-15 min,R3_VARIABLE,FAC-07,DEDICATED,True,PAT-0571
DEV-00572,HOME_MONITOR,RISA_SYNTHETIC,M-3,MULTIVARIATE,VARIABLE,R2_STANDARD,FAC-05,DEDICATED,True,PAT-0572
WRB-00572,WRIST_WEARABLE,RISA_SYNTHETIC,W-1,ACTIVITY_AND_PULSE,5-15 min,R3_VARIABLE,FAC-07,DEDICATED,True,PAT-0572
DEV-00573,HOME_MONITOR,RISA_SYNTHETIC,M-4,MULTIVARIATE,VARIABLE,R3_VARIABLE,FAC-05,DEDICATED,True,PAT-0573
WRB-00573,WRIST_WEARABLE,RISA_SYNTHETIC,W-2,ACTIVITY_AND_PULSE,5-15 min,R2_STANDARD,FAC-07,DEDICATED,True,PAT-0573
DEV-00574,HOME_MONITOR,RISA_SYNTHETIC,M-5,MULTIVARIATE,VARIABLE,R1_HIGH,FAC-05,DEDICATED,True,PAT-0574
WRB-00574,WRIST_WEARABLE,RISA_SYNTHETIC,W-3,ACTIVITY_AND_PULSE,5-15 min,R3_VARIABLE,FAC-07,DEDICATED,True,PAT-0574
DEV-00575,HOME_MONITOR,RISA_SYNTHETIC,M-1,MULTIVARIATE,VARIABLE,R3_VARIABLE,FAC-05,DEDICATED,True,PAT-0575
WRB-00575,WRIST_WEARABLE,RISA_SYNTHETIC,W-4,ACTIVITY_AND_PULSE,5-15 min,R3_VARIABLE,FAC-07,DEDICATED,True,PAT-0575
DEV-00576,CLINICAL_MONITOR,RISA_SYNTHETIC,M-2,MULTIVARIATE,VARIABLE,R2_STANDARD,FAC-01,DEDICATED,True,PAT-0576
WRB-00576,WRIST_WEARABLE,RISA_SYNTHETIC,W-1,ACTIVITY_AND_PULSE,5-15 min,R2_STANDARD,FAC-07,DEDICATED,True,PAT-0576
DEV-00577,HOME_MONITOR,RISA_SYNTHETIC,M-3,MULTIVARIATE,VARIABLE,R2_STANDARD,FAC-05,DEDICATED,True,PAT-0577
WRB-00577,WRIST_WEARABLE,RISA_SYNTHETIC,W-2,ACTIVITY_AND_PULSE,5-15 min,R2_STANDARD,FAC-07,DEDICATED,True,PAT-0577
DEV-00578,HOME_MONITOR,RISA_SYNTHETIC,M-4,MULTIVARIATE,VARIABLE,R2_STANDARD,FAC-05,DEDICATED,True,PAT-0578
WRB-00578,WRIST_WEARABLE,RISA_SYNTHETIC,W-3,ACTIVITY_AND_PULSE,5-15 min,R3_VARIABLE,FAC-07,DEDICATED,True,PAT-0578
DEV-00579,CLINICAL_MONITOR,RISA_SYNTHETIC,M-5,MULTIVARIATE,VARIABLE,R1_HIGH,FAC-01,DEDICATED,True,PAT-0579
WRB-00579,WRIST_WEARABLE,RISA_SYNTHETIC,W-4,ACTIVITY_AND_PULSE,5-15 min,R2_STANDARD,FAC-07,DEDICATED,True,PAT-0579
DEV-00580,CLINICAL_MONITOR,RISA_SYNTHETIC,M-1,MULTIVARIATE,VARIABLE,R3_VARIABLE,FAC-01,DEDICATED,True,PAT-0580
WRB-00580,WRIST_WEARABLE,RISA_SYNTHETIC,W-1,ACTIVITY_AND_PULSE,5-15 min,R2_STANDARD,FAC-07,DEDICATED,True,PAT-0580
DEV-00581,CLINICAL_MONITOR,RISA_SYNTHETIC,M-2,MULTIVARIATE,VARIABLE,R2_STANDARD,FAC-01,DEDICATED,True,PAT-0581
WRB-00581,WRIST_WEARABLE,RISA_SYNTHETIC,W-2,ACTIVITY_AND_PULSE,5-15 min,R2_STANDARD,FAC-07,DEDICATED,True,PAT-0581
DEV-00582,CLINICAL_MONITOR,RISA_SYNTHETIC,M-3,MULTIVARIATE,VARIABLE,R2_STANDARD,FAC-01,DEDICATED,True,PAT-0582
WRB-00582,WRIST_WEARABLE,RISA_SYNTHETIC,W-3,ACTIVITY_AND_PULSE,5-15 min,R2_STANDARD,FAC-07,DEDICATED,True,PAT-0582
DEV-00583,CLINICAL_MONITOR,RISA_SYNTHETIC,M-4,MULTIVARIATE,VARIABLE,R2_STANDARD,FAC-01,DEDICATED,True,PAT-0583
WRB-00583,WRIST_WEARABLE,RISA_SYNTHETIC,W-4,ACTIVITY_AND_PULSE,5-15 min,R3_VARIABLE,FAC-07,DEDICATED,True,PAT-0583
DEV-00584,HOME_MONITOR,RISA_SYNTHETIC,M-5,MULTIVARIATE,VARIABLE,R3_VARIABLE,FAC-05,DEDICATED,True,PAT-0584
WRB-00584,WRIST_WEARABLE,RISA_SYNTHETIC,W-1,ACTIVITY_AND_PULSE,5-15 min,R2_STANDARD,FAC-07,DEDICATED,True,PAT-0584
DEV-00585,HOME_MONITOR,RISA_SYNTHETIC,M-1,MULTIVARIATE,VARIABLE,R2_STANDARD,FAC-05,DEDICATED,True,PAT-0585
WRB-00585,WRIST_WEARABLE,RISA_SYNTHETIC,W-2,ACTIVITY_AND_PULSE,5-15 min,R2_STANDARD,FAC-07,DEDICATED,True,PAT-0585
DEV-00586,CLINICAL_MONITOR,RISA_SYNTHETIC,M-2,MULTIVARIATE,VARIABLE,R3_VARIABLE,FAC-01,DEDICATED,True,PAT-0586
WRB-00586,WRIST_WEARABLE,RISA_SYNTHETIC,W-3,ACTIVITY_AND_PULSE,5-15 min,R3_VARIABLE,FAC-07,DEDICATED,True,PAT-0586
DEV-00587,HOME_MONITOR,RISA_SYNTHETIC,M-3,MULTIVARIATE,VARIABLE,R1_HIGH,FAC-05,DEDICATED,True,PAT-0587
WRB-00587,WRIST_WEARABLE,RISA_SYNTHETIC,W-4,ACTIVITY_AND_PULSE,5-15 min,R2_STANDARD,FAC-07,DEDICATED,True,PAT-0587
DEV-00588,HOME_MONITOR,RISA_SYNTHETIC,M-4,MULTIVARIATE,VARIABLE,R2_STANDARD,FAC-05,DEDICATED,True,PAT-0588
WRB-00588,WRIST_WEARABLE,RISA_SYNTHETIC,W-1,ACTIVITY_AND_PULSE,5-15 min,R3_VARIABLE,FAC-07,DEDICATED,True,PAT-0588
DEV-00589,CLINICAL_MONITOR,RISA_SYNTHETIC,M-5,MULTIVARIATE,VARIABLE,R1_HIGH,FAC-01,DEDICATED,True,PAT-0589
WRB-00589,WRIST_WEARABLE,RISA_SYNTHETIC,W-2,ACTIVITY_AND_PULSE,5-15 min,R2_STANDARD,FAC-07,DEDICATED,True,PAT-0589
DEV-00590,HOME_MONITOR,RISA_SYNTHETIC,M-1,MULTIVARIATE,VARIABLE,R2_STANDARD,FAC-05,DEDICATED,True,PAT-0590
WRB-00590,WRIST_WEARABLE,RISA_SYNTHETIC,W-3,ACTIVITY_AND_PULSE,5-15 min,R2_STANDARD,FAC-07,DEDICATED,True,PAT-0590
DEV-00591,HOME_MONITOR,RISA_SYNTHETIC,M-2,MULTIVARIATE,VARIABLE,R1_HIGH,FAC-05,DEDICATED,True,PAT-0591
WRB-00591,WRIST_WEARABLE,RISA_SYNTHETIC,W-4,ACTIVITY_AND_PULSE,5-15 min,R2_STANDARD,FAC-07,DEDICATED,True,PAT-0591
DEV-00592,HOME_MONITOR,RISA_SYNTHETIC,M-3,MULTIVARIATE,VARIABLE,R2_STANDARD,FAC-05,DEDICATED,True,PAT-0592
WRB-00592,WRIST_WEARABLE,RISA_SYNTHETIC,W-1,ACTIVITY_AND_PULSE,5-15 min,R3_VARIABLE,FAC-07,DEDICATED,True,PAT-0592
DEV-00593,HOME_MONITOR,RISA_SYNTHETIC,M-4,MULTIVARIATE,VARIABLE,R2_STANDARD,FAC-05,DEDICATED,True,PAT-0593
WRB-00593,WRIST_WEARABLE,RISA_SYNTHETIC,W-2,ACTIVITY_AND_PULSE,5-15 min,R3_VARIABLE,FAC-07,DEDICATED,True,PAT-0593
DEV-00594,HOME_MONITOR,RISA_SYNTHETIC,M-5,MULTIVARIATE,VARIABLE,R1_HIGH,FAC-05,DEDICATED,True,PAT-0594
WRB-00594,WRIST_WEARABLE,RISA_SYNTHETIC,W-3,ACTIVITY_AND_PULSE,5-15 min,R2_STANDARD,FAC-07,DEDICATED,True,PAT-0594
DEV-00595,CLINICAL_MONITOR,RISA_SYNTHETIC,M-1,MULTIVARIATE,VARIABLE,R1_HIGH,FAC-01,DEDICATED,True,PAT-0595
WRB-00595,WRIST_WEARABLE,RISA_SYNTHETIC,W-4,ACTIVITY_AND_PULSE,5-15 min,R3_VARIABLE,FAC-07,DEDICATED,True,PAT-0595
DEV-00596,CLINICAL_MONITOR,RISA_SYNTHETIC,M-2,MULTIVARIATE,VARIABLE,R1_HIGH,FAC-01,DEDICATED,True,PAT-0596
WRB-00596,WRIST_WEARABLE,RISA_SYNTHETIC,W-1,ACTIVITY_AND_PULSE,5-15 min,R3_VARIABLE,FAC-07,DEDICATED,True,PAT-0596
DEV-00597,HOME_MONITOR,RISA_SYNTHETIC,M-3,MULTIVARIATE,VARIABLE,R2_STANDARD,FAC-05,DEDICATED,True,PAT-0597
WRB-00597,WRIST_WEARABLE,RISA_SYNTHETIC,W-2,ACTIVITY_AND_PULSE,5-15 min,R2_STANDARD,FAC-07,DEDICATED,True,PAT-0597
DEV-00598,HOME_MONITOR,RISA_SYNTHETIC,M-4,MULTIVARIATE,VARIABLE,R2_STANDARD,FAC-05,DEDICATED,True,PAT-0598
WRB-00598,WRIST_WEARABLE,RISA_SYNTHETIC,W-3,ACTIVITY_AND_PULSE,5-15 min,R2_STANDARD,FAC-07,DEDICATED,True,PAT-0598
DEV-00599,HOME_MONITOR,RISA_SYNTHETIC,M-5,MULTIVARIATE,VARIABLE,R3_VARIABLE,FAC-05,DEDICATED,True,PAT-0599
WRB-00599,WRIST_WEARABLE,RISA_SYNTHETIC,W-4,ACTIVITY_AND_PULSE,5-15 min,R2_STANDARD,FAC-07,DEDICATED,True,PAT-0599
DEV-00600,HOME_MONITOR,RISA_SYNTHETIC,M-1,MULTIVARIATE,VARIABLE,R2_STANDARD,FAC-05,DEDICATED,True,PAT-0600
WRB-00600,WRIST_WEARABLE,RISA_SYNTHETIC,W-1,ACTIVITY_AND_PULSE,5-15 min,R2_STANDARD,FAC-07,DEDICATED,True,PAT-0600
DEV-00601,CLINICAL_MONITOR,RISA_SYNTHETIC,M-2,MULTIVARIATE,VARIABLE,R2_STANDARD,FAC-01,DEDICATED,True,PAT-0601
WRB-00601,WRIST_WEARABLE,RISA_SYNTHETIC,W-2,ACTIVITY_AND_PULSE,5-15 min,R2_STANDARD,FAC-07,DEDICATED,True,PAT-0601
DEV-00602,CLINICAL_MONITOR,RISA_SYNTHETIC,M-3,MULTIVARIATE,VARIABLE,R2_STANDARD,FAC-01,DEDICATED,True,PAT-0602
WRB-00602,WRIST_WEARABLE,RISA_SYNTHETIC,W-3,ACTIVITY_AND_PULSE,5-15 min,R3_VARIABLE,FAC-07,DEDICATED,True,PAT-0602
DEV-00603,CLINICAL_MONITOR,RISA_SYNTHETIC,M-4,MULTIVARIATE,VARIABLE,R2_STANDARD,FAC-01,DEDICATED,True,PAT-0603
WRB-00603,WRIST_WEARABLE,RISA_SYNTHETIC,W-4,ACTIVITY_AND_PULSE,5-15 min,R2_STANDARD,FAC-07,DEDICATED,True,PAT-0603
DEV-00604,HOME_MONITOR,RISA_SYNTHETIC,M-5,MULTIVARIATE,VARIABLE,R3_VARIABLE,FAC-05,DEDICATED,True,PAT-0604
WRB-00604,WRIST_WEARABLE,RISA_SYNTHETIC,W-1,ACTIVITY_AND_PULSE,5-15 min,R3_VARIABLE,FAC-07,DEDICATED,True,PAT-0604
DEV-00605,HOME_MONITOR,RISA_SYNTHETIC,M-1,MULTIVARIATE,VARIABLE,R3_VARIABLE,FAC-05,DEDICATED,True,PAT-0605
WRB-00605,WRIST_WEARABLE,RISA_SYNTHETIC,W-2,ACTIVITY_AND_PULSE,5-15 min,R2_STANDARD,FAC-07,DEDICATED,True,PAT-0605
DEV-00606,HOME_MONITOR,RISA_SYNTHETIC,M-2,MULTIVARIATE,VARIABLE,R3_VARIABLE,FAC-05,DEDICATED,True,PAT-0606
WRB-00606,WRIST_WEARABLE,RISA_SYNTHETIC,W-3,ACTIVITY_AND_PULSE,5-15 min,R2_STANDARD,FAC-07,DEDICATED,True,PAT-0606
DEV-00607,HOME_MONITOR,RISA_SYNTHETIC,M-3,MULTIVARIATE,VARIABLE,R1_HIGH,FAC-05,DEDICATED,True,PAT-0607
WRB-00607,WRIST_WEARABLE,RISA_SYNTHETIC,W-4,ACTIVITY_AND_PULSE,5-15 min,R3_VARIABLE,FAC-07,DEDICATED,True,PAT-0607
DEV-00608,HOME_MONITOR,RISA_SYNTHETIC,M-4,MULTIVARIATE,VARIABLE,R2_STANDARD,FAC-05,DEDICATED,True,PAT-0608
WRB-00608,WRIST_WEARABLE,RISA_SYNTHETIC,W-1,ACTIVITY_AND_PULSE,5-15 min,R2_STANDARD,FAC-07,DEDICATED,True,PAT-0608
DEV-00609,HOME_MONITOR,RISA_SYNTHETIC,M-5,MULTIVARIATE,VARIABLE,R2_STANDARD,FAC-05,DEDICATED,True,PAT-0609
WRB-00609,WRIST_WEARABLE,RISA_SYNTHETIC,W-2,ACTIVITY_AND_PULSE,5-15 min,R2_STANDARD,FAC-07,DEDICATED,True,PAT-0609
DEV-00610,HOME_MONITOR,RISA_SYNTHETIC,M-1,MULTIVARIATE,VARIABLE,R2_STANDARD,FAC-05,DEDICATED,True,PAT-0610
WRB-00610,WRIST_WEARABLE,RISA_SYNTHETIC,W-3,ACTIVITY_AND_PULSE,5-15 min,R2_STANDARD,FAC-07,DEDICATED,True,PAT-0610
DEV-00611,HOME_MONITOR,RISA_SYNTHETIC,M-2,MULTIVARIATE,VARIABLE,R1_HIGH,FAC-05,DEDICATED,True,PAT-0611
WRB-00611,WRIST_WEARABLE,RISA_SYNTHETIC,W-4,ACTIVITY_AND_PULSE,5-15 min,R2_STANDARD,FAC-07,DEDICATED,True,PAT-0611
DEV-00612,HOME_MONITOR,RISA_SYNTHETIC,M-3,MULTIVARIATE,VARIABLE,R2_STANDARD,FAC-05,DEDICATED,True,PAT-0612
WRB-00612,WRIST_WEARABLE,RISA_SYNTHETIC,W-1,ACTIVITY_AND_PULSE,5-15 min,R2_STANDARD,FAC-07,DEDICATED,True,PAT-0612
DEV-00613,CLINICAL_MONITOR,RISA_SYNTHETIC,M-4,MULTIVARIATE,VARIABLE,R2_STANDARD,FAC-01,DEDICATED,True,PAT-0613
WRB-00613,WRIST_WEARABLE,RISA_SYNTHETIC,W-2,ACTIVITY_AND_PULSE,5-15 min,R2_STANDARD,FAC-07,DEDICATED,True,PAT-0613
DEV-00614,CLINICAL_MONITOR,RISA_SYNTHETIC,M-5,MULTIVARIATE,VARIABLE,R2_STANDARD,FAC-01,DEDICATED,True,PAT-0614
WRB-00614,WRIST_WEARABLE,RISA_SYNTHETIC,W-3,ACTIVITY_AND_PULSE,5-15 min,R2_STANDARD,FAC-07,DEDICATED,True,PAT-0614
DEV-00615,HOME_MONITOR,RISA_SYNTHETIC,M-1,MULTIVARIATE,VARIABLE,R2_STANDARD,FAC-05,DEDICATED,True,PAT-0615
WRB-00615,WRIST_WEARABLE,RISA_SYNTHETIC,W-4,ACTIVITY_AND_PULSE,5-15 min,R2_STANDARD,FAC-07,DEDICATED,True,PAT-0615
DEV-00616,HOME_MONITOR,RISA_SYNTHETIC,M-2,MULTIVARIATE,VARIABLE,R2_STANDARD,FAC-05,DEDICATED,True,PAT-0616
WRB-00616,WRIST_WEARABLE,RISA_SYNTHETIC,W-1,ACTIVITY_AND_PULSE,5-15 min,R2_STANDARD,FAC-07,DEDICATED,True,PAT-0616
DEV-00617,HOME_MONITOR,RISA_SYNTHETIC,M-3,MULTIVARIATE,VARIABLE,R2_STANDARD,FAC-05,DEDICATED,True,PAT-0617
WRB-00617,WRIST_WEARABLE,RISA_SYNTHETIC,W-2,ACTIVITY_AND_PULSE,5-15 min,R2_STANDARD,FAC-07,DEDICATED,True,PAT-0617
DEV-00618,HOME_MONITOR,RISA_SYNTHETIC,M-4,MULTIVARIATE,VARIABLE,R2_STANDARD,FAC-05,DEDICATED,True,PAT-0618
WRB-00618,WRIST_WEARABLE,RISA_SYNTHETIC,W-3,ACTIVITY_AND_PULSE,5-15 min,R2_STANDARD,FAC-07,DEDICATED,True,PAT-0618
DEV-00619,CLINICAL_MONITOR,RISA_SYNTHETIC,M-5,MULTIVARIATE,VARIABLE,R3_VARIABLE,FAC-01,DEDICATED,True,PAT-0619
WRB-00619,WRIST_WEARABLE,RISA_SYNTHETIC,W-4,ACTIVITY_AND_PULSE,5-15 min,R2_STANDARD,FAC-07,DEDICATED,True,PAT-0619
DEV-00620,HOME_MONITOR,RISA_SYNTHETIC,M-1,MULTIVARIATE,VARIABLE,R3_VARIABLE,FAC-05,DEDICATED,True,PAT-0620
WRB-00620,WRIST_WEARABLE,RISA_SYNTHETIC,W-1,ACTIVITY_AND_PULSE,5-15 min,R3_VARIABLE,FAC-07,DEDICATED,True,PAT-0620
DEV-00621,HOME_MONITOR,RISA_SYNTHETIC,M-2,MULTIVARIATE,VARIABLE,R2_STANDARD,FAC-05,DEDICATED,True,PAT-0621
WRB-00621,WRIST_WEARABLE,RISA_SYNTHETIC,W-2,ACTIVITY_AND_PULSE,5-15 min,R2_STANDARD,FAC-07,DEDICATED,True,PAT-0621
DEV-00622,HOME_MONITOR,RISA_SYNTHETIC,M-3,MULTIVARIATE,VARIABLE,R2_STANDARD,FAC-05,DEDICATED,True,PAT-0622
WRB-00622,WRIST_WEARABLE,RISA_SYNTHETIC,W-3,ACTIVITY_AND_PULSE,5-15 min,R3_VARIABLE,FAC-07,DEDICATED,True,PAT-0622
DEV-00623,CLINICAL_MONITOR,RISA_SYNTHETIC,M-4,MULTIVARIATE,VARIABLE,R2_STANDARD,FAC-01,DEDICATED,True,PAT-0623
WRB-00623,WRIST_WEARABLE,RISA_SYNTHETIC,W-4,ACTIVITY_AND_PULSE,5-15 min,R2_STANDARD,FAC-07,DEDICATED,True,PAT-0623
DEV-00624,HOME_MONITOR,RISA_SYNTHETIC,M-5,MULTIVARIATE,VARIABLE,R2_STANDARD,FAC-05,DEDICATED,True,PAT-0624
WRB-00624,WRIST_WEARABLE,RISA_SYNTHETIC,W-1,ACTIVITY_AND_PULSE,5-15 min,R2_STANDARD,FAC-07,DEDICATED,True,PAT-0624
DEV-00625,CLINICAL_MONITOR,RISA_SYNTHETIC,M-1,MULTIVARIATE,VARIABLE,R2_STANDARD,FAC-01,DEDICATED,True,PAT-0625
WRB-00625,WRIST_WEARABLE,RISA_SYNTHETIC,W-2,ACTIVITY_AND_PULSE,5-15 min,R3_VARIABLE,FAC-07,DEDICATED,True,PAT-0625
DEV-00626,HOME_MONITOR,RISA_SYNTHETIC,M-2,MULTIVARIATE,VARIABLE,R1_HIGH,FAC-05,DEDICATED,True,PAT-0626
WRB-00626,WRIST_WEARABLE,RISA_SYNTHETIC,W-3,ACTIVITY_AND_PULSE,5-15 min,R2_STANDARD,FAC-07,DEDICATED,True,PAT-0626
DEV-00627,CLINICAL_MONITOR,RISA_SYNTHETIC,M-3,MULTIVARIATE,VARIABLE,R2_STANDARD,FAC-01,DEDICATED,True,PAT-0627
WRB-00627,WRIST_WEARABLE,RISA_SYNTHETIC,W-4,ACTIVITY_AND_PULSE,5-15 min,R2_STANDARD,FAC-07,DEDICATED,True,PAT-0627
DEV-00628,HOME_MONITOR,RISA_SYNTHETIC,M-4,MULTIVARIATE,VARIABLE,R2_STANDARD,FAC-05,DEDICATED,True,PAT-0628
WRB-00628,WRIST_WEARABLE,RISA_SYNTHETIC,W-1,ACTIVITY_AND_PULSE,5-15 min,R2_STANDARD,FAC-07,DEDICATED,True,PAT-0628
DEV-00629,CLINICAL_MONITOR,RISA_SYNTHETIC,M-5,MULTIVARIATE,VARIABLE,R2_STANDARD,FAC-01,DEDICATED,True,PAT-0629
WRB-00629,WRIST_WEARABLE,RISA_SYNTHETIC,W-2,ACTIVITY_AND_PULSE,5-15 min,R2_STANDARD,FAC-07,DEDICATED,True,PAT-0629
DEV-00630,HOME_MONITOR,RISA_SYNTHETIC,M-1,MULTIVARIATE,VARIABLE,R2_STANDARD,FAC-05,DEDICATED,True,PAT-0630
WRB-00630,WRIST_WEARABLE,RISA_SYNTHETIC,W-3,ACTIVITY_AND_PULSE,5-15 min,R2_STANDARD,FAC-07,DEDICATED,True,PAT-0630
DEV-00631,HOME_MONITOR,RISA_SYNTHETIC,M-2,MULTIVARIATE,VARIABLE,R2_STANDARD,FAC-05,DEDICATED,True,PAT-0631
WRB-00631,WRIST_WEARABLE,RISA_SYNTHETIC,W-4,ACTIVITY_AND_PULSE,5-15 min,R2_STANDARD,FAC-07,DEDICATED,True,PAT-0631
DEV-00632,CLINICAL_MONITOR,RISA_SYNTHETIC,M-3,MULTIVARIATE,VARIABLE,R1_HIGH,FAC-01,DEDICATED,True,PAT-0632
WRB-00632,WRIST_WEARABLE,RISA_SYNTHETIC,W-1,ACTIVITY_AND_PULSE,5-15 min,R2_STANDARD,FAC-07,DEDICATED,True,PAT-0632
DEV-00633,CLINICAL_MONITOR,RISA_SYNTHETIC,M-4,MULTIVARIATE,VARIABLE,R2_STANDARD,FAC-01,DEDICATED,True,PAT-0633
WRB-00633,WRIST_WEARABLE,RISA_SYNTHETIC,W-2,ACTIVITY_AND_PULSE,5-15 min,R3_VARIABLE,FAC-07,DEDICATED,True,PAT-0633
DEV-00634,CLINICAL_MONITOR,RISA_SYNTHETIC,M-5,MULTIVARIATE,VARIABLE,R3_VARIABLE,FAC-01,DEDICATED,True,PAT-0634
WRB-00634,WRIST_WEARABLE,RISA_SYNTHETIC,W-3,ACTIVITY_AND_PULSE,5-15 min,R2_STANDARD,FAC-07,DEDICATED,True,PAT-0634
DEV-00635,HOME_MONITOR,RISA_SYNTHETIC,M-1,MULTIVARIATE,VARIABLE,R3_VARIABLE,FAC-05,DEDICATED,True,PAT-0635
WRB-00635,WRIST_WEARABLE,RISA_SYNTHETIC,W-4,ACTIVITY_AND_PULSE,5-15 min,R2_STANDARD,FAC-07,DEDICATED,True,PAT-0635
DEV-00636,HOME_MONITOR,RISA_SYNTHETIC,M-2,MULTIVARIATE,VARIABLE,R2_STANDARD,FAC-05,DEDICATED,True,PAT-0636
WRB-00636,WRIST_WEARABLE,RISA_SYNTHETIC,W-1,ACTIVITY_AND_PULSE,5-15 min,R2_STANDARD,FAC-07,DEDICATED,True,PAT-0636
DEV-00637,HOME_MONITOR,RISA_SYNTHETIC,M-3,MULTIVARIATE,VARIABLE,R2_STANDARD,FAC-05,DEDICATED,True,PAT-0637
WRB-00637,WRIST_WEARABLE,RISA_SYNTHETIC,W-2,ACTIVITY_AND_PULSE,5-15 min,R2_STANDARD,FAC-07,DEDICATED,True,PAT-0637
DEV-00638,CLINICAL_MONITOR,RISA_SYNTHETIC,M-4,MULTIVARIATE,VARIABLE,R1_HIGH,FAC-01,DEDICATED,True,PAT-0638
WRB-00638,WRIST_WEARABLE,RISA_SYNTHETIC,W-3,ACTIVITY_AND_PULSE,5-15 min,R2_STANDARD,FAC-07,DEDICATED,True,PAT-0638
DEV-00639,CLINICAL_MONITOR,RISA_SYNTHETIC,M-5,MULTIVARIATE,VARIABLE,R2_STANDARD,FAC-01,DEDICATED,True,PAT-0639
WRB-00639,WRIST_WEARABLE,RISA_SYNTHETIC,W-4,ACTIVITY_AND_PULSE,5-15 min,R2_STANDARD,FAC-07,DEDICATED,True,PAT-0639
DEV-00640,CLINICAL_MONITOR,RISA_SYNTHETIC,M-1,MULTIVARIATE,VARIABLE,R2_STANDARD,FAC-01,DEDICATED,True,PAT-0640
WRB-00640,WRIST_WEARABLE,RISA_SYNTHETIC,W-1,ACTIVITY_AND_PULSE,5-15 min,R2_STANDARD,FAC-07,DEDICATED,True,PAT-0640
DEV-00641,HOME_MONITOR,RISA_SYNTHETIC,M-2,MULTIVARIATE,VARIABLE,R3_VARIABLE,FAC-05,DEDICATED,True,PAT-0641
WRB-00641,WRIST_WEARABLE,RISA_SYNTHETIC,W-2,ACTIVITY_AND_PULSE,5-15 min,R3_VARIABLE,FAC-07,DEDICATED,True,PAT-0641
DEV-00642,HOME_MONITOR,RISA_SYNTHETIC,M-3,MULTIVARIATE,VARIABLE,R2_STANDARD,FAC-05,DEDICATED,True,PAT-0642
WRB-00642,WRIST_WEARABLE,RISA_SYNTHETIC,W-3,ACTIVITY_AND_PULSE,5-15 min,R2_STANDARD,FAC-07,DEDICATED,True,PAT-0642
DEV-00643,HOME_MONITOR,RISA_SYNTHETIC,M-4,MULTIVARIATE,VARIABLE,R3_VARIABLE,FAC-05,DEDICATED,True,PAT-0643
WRB-00643,WRIST_WEARABLE,RISA_SYNTHETIC,W-4,ACTIVITY_AND_PULSE,5-15 min,R2_STANDARD,FAC-07,DEDICATED,True,PAT-0643
DEV-00644,HOME_MONITOR,RISA_SYNTHETIC,M-5,MULTIVARIATE,VARIABLE,R2_STANDARD,FAC-05,DEDICATED,True,PAT-0644
WRB-00644,WRIST_WEARABLE,RISA_SYNTHETIC,W-1,ACTIVITY_AND_PULSE,5-15 min,R3_VARIABLE,FAC-07,DEDICATED,True,PAT-0644
DEV-00645,HOME_MONITOR,RISA_SYNTHETIC,M-1,MULTIVARIATE,VARIABLE,R3_VARIABLE,FAC-05,DEDICATED,True,PAT-0645
WRB-00645,WRIST_WEARABLE,RISA_SYNTHETIC,W-2,ACTIVITY_AND_PULSE,5-15 min,R2_STANDARD,FAC-07,DEDICATED,True,PAT-0645
DEV-00646,HOME_MONITOR,RISA_SYNTHETIC,M-2,MULTIVARIATE,VARIABLE,R2_STANDARD,FAC-05,DEDICATED,True,PAT-0646
WRB-00646,WRIST_WEARABLE,RISA_SYNTHETIC,W-3,ACTIVITY_AND_PULSE,5-15 min,R3_VARIABLE,FAC-07,DEDICATED,True,PAT-0646
DEV-00647,HOME_MONITOR,RISA_SYNTHETIC,M-3,MULTIVARIATE,VARIABLE,R2_STANDARD,FAC-05,DEDICATED,True,PAT-0647
WRB-00647,WRIST_WEARABLE,RISA_SYNTHETIC,W-4,ACTIVITY_AND_PULSE,5-15 min,R2_STANDARD,FAC-07,DEDICATED,True,PAT-0647
DEV-00648,HOME_MONITOR,RISA_SYNTHETIC,M-4,MULTIVARIATE,VARIABLE,R2_STANDARD,FAC-05,DEDICATED,True,PAT-0648
WRB-00648,WRIST_WEARABLE,RISA_SYNTHETIC,W-1,ACTIVITY_AND_PULSE,5-15 min,R2_STANDARD,FAC-07,DEDICATED,True,PAT-0648
DEV-00649,HOME_MONITOR,RISA_SYNTHETIC,M-5,MULTIVARIATE,VARIABLE,R2_STANDARD,FAC-05,DEDICATED,True,PAT-0649
WRB-00649,WRIST_WEARABLE,RISA_SYNTHETIC,W-2,ACTIVITY_AND_PULSE,5-15 min,R2_STANDARD,FAC-07,DEDICATED,True,PAT-0649
DEV-00650,HOME_MONITOR,RISA_SYNTHETIC,M-1,MULTIVARIATE,VARIABLE,R3_VARIABLE,FAC-05,DEDICATED,True,PAT-0650
WRB-00650,WRIST_WEARABLE,RISA_SYNTHETIC,W-3,ACTIVITY_AND_PULSE,5-15 min,R2_STANDARD,FAC-07,DEDICATED,True,PAT-0650
DEV-00651,HOME_MONITOR,RISA_SYNTHETIC,M-2,MULTIVARIATE,VARIABLE,R2_STANDARD,FAC-05,DEDICATED,True,PAT-0651
WRB-00651,WRIST_WEARABLE,RISA_SYNTHETIC,W-4,ACTIVITY_AND_PULSE,5-15 min,R2_STANDARD,FAC-07,DEDICATED,True,PAT-0651
DEV-00652,HOME_MONITOR,RISA_SYNTHETIC,M-3,MULTIVARIATE,VARIABLE,R2_STANDARD,FAC-05,DEDICATED,True,PAT-0652
WRB-00652,WRIST_WEARABLE,RISA_SYNTHETIC,W-1,ACTIVITY_AND_PULSE,5-15 min,R3_VARIABLE,FAC-07,DEDICATED,True,PAT-0652
DEV-00653,CLINICAL_MONITOR,RISA_SYNTHETIC,M-4,MULTIVARIATE,VARIABLE,R2_STANDARD,FAC-01,DEDICATED,True,PAT-0653
WRB-00653,WRIST_WEARABLE,RISA_SYNTHETIC,W-2,ACTIVITY_AND_PULSE,5-15 min,R2_STANDARD,FAC-07,DEDICATED,True,PAT-0653
DEV-00654,CLINICAL_MONITOR,RISA_SYNTHETIC,M-5,MULTIVARIATE,VARIABLE,R1_HIGH,FAC-01,DEDICATED,True,PAT-0654
WRB-00654,WRIST_WEARABLE,RISA_SYNTHETIC,W-3,ACTIVITY_AND_PULSE,5-15 min,R3_VARIABLE,FAC-07,DEDICATED,True,PAT-0654
DEV-00655,CLINICAL_MONITOR,RISA_SYNTHETIC,M-1,MULTIVARIATE,VARIABLE,R2_STANDARD,FAC-01,DEDICATED,True,PAT-0655
WRB-00655,WRIST_WEARABLE,RISA_SYNTHETIC,W-4,ACTIVITY_AND_PULSE,5-15 min,R2_STANDARD,FAC-07,DEDICATED,True,PAT-0655
DEV-00656,HOME_MONITOR,RISA_SYNTHETIC,M-2,MULTIVARIATE,VARIABLE,R1_HIGH,FAC-05,DEDICATED,True,PAT-0656
WRB-00656,WRIST_WEARABLE,RISA_SYNTHETIC,W-1,ACTIVITY_AND_PULSE,5-15 min,R2_STANDARD,FAC-07,DEDICATED,True,PAT-0656
DEV-00657,CLINICAL_MONITOR,RISA_SYNTHETIC,M-3,MULTIVARIATE,VARIABLE,R2_STANDARD,FAC-01,DEDICATED,True,PAT-0657
WRB-00657,WRIST_WEARABLE,RISA_SYNTHETIC,W-2,ACTIVITY_AND_PULSE,5-15 min,R3_VARIABLE,FAC-07,DEDICATED,True,PAT-0657
DEV-00658,HOME_MONITOR,RISA_SYNTHETIC,M-4,MULTIVARIATE,VARIABLE,R2_STANDARD,FAC-05,DEDICATED,True,PAT-0658
WRB-00658,WRIST_WEARABLE,RISA_SYNTHETIC,W-3,ACTIVITY_AND_PULSE,5-15 min,R2_STANDARD,FAC-07,DEDICATED,True,PAT-0658
DEV-00659,HOME_MONITOR,RISA_SYNTHETIC,M-5,MULTIVARIATE,VARIABLE,R2_STANDARD,FAC-05,DEDICATED,True,PAT-0659
WRB-00659,WRIST_WEARABLE,RISA_SYNTHETIC,W-4,ACTIVITY_AND_PULSE,5-15 min,R2_STANDARD,FAC-07,DEDICATED,True,PAT-0659
DEV-00660,HOME_MONITOR,RISA_SYNTHETIC,M-1,MULTIVARIATE,VARIABLE,R2_STANDARD,FAC-05,DEDICATED,True,PAT-0660
WRB-00660,WRIST_WEARABLE,RISA_SYNTHETIC,W-1,ACTIVITY_AND_PULSE,5-15 min,R3_VARIABLE,FAC-07,DEDICATED,True,PAT-0660
DEV-00661,CLINICAL_MONITOR,RISA_SYNTHETIC,M-2,MULTIVARIATE,VARIABLE,R1_HIGH,FAC-01,DEDICATED,True,PAT-0661
WRB-00661,WRIST_WEARABLE,RISA_SYNTHETIC,W-2,ACTIVITY_AND_PULSE,5-15 min,R2_STANDARD,FAC-07,DEDICATED,True,PAT-0661
DEV-00662,HOME_MONITOR,RISA_SYNTHETIC,M-3,MULTIVARIATE,VARIABLE,R2_STANDARD,FAC-05,DEDICATED,True,PAT-0662
WRB-00662,WRIST_WEARABLE,RISA_SYNTHETIC,W-3,ACTIVITY_AND_PULSE,5-15 min,R2_STANDARD,FAC-07,DEDICATED,True,PAT-0662
DEV-00663,CLINICAL_MONITOR,RISA_SYNTHETIC,M-4,MULTIVARIATE,VARIABLE,R2_STANDARD,FAC-01,DEDICATED,True,PAT-0663
WRB-00663,WRIST_WEARABLE,RISA_SYNTHETIC,W-4,ACTIVITY_AND_PULSE,5-15 min,R2_STANDARD,FAC-07,DEDICATED,True,PAT-0663
DEV-00664,HOME_MONITOR,RISA_SYNTHETIC,M-5,MULTIVARIATE,VARIABLE,R2_STANDARD,FAC-05,DEDICATED,True,PAT-0664
WRB-00664,WRIST_WEARABLE,RISA_SYNTHETIC,W-1,ACTIVITY_AND_PULSE,5-15 min,R3_VARIABLE,FAC-07,DEDICATED,True,PAT-0664
DEV-00665,HOME_MONITOR,RISA_SYNTHETIC,M-1,MULTIVARIATE,VARIABLE,R2_STANDARD,FAC-05,DEDICATED,True,PAT-0665
WRB-00665,WRIST_WEARABLE,RISA_SYNTHETIC,W-2,ACTIVITY_AND_PULSE,5-15 min,R3_VARIABLE,FAC-07,DEDICATED,True,PAT-0665
DEV-00666,HOME_MONITOR,RISA_SYNTHETIC,M-2,MULTIVARIATE,VARIABLE,R1_HIGH,FAC-05,DEDICATED,True,PAT-0666
WRB-00666,WRIST_WEARABLE,RISA_SYNTHETIC,W-3,ACTIVITY_AND_PULSE,5-15 min,R3_VARIABLE,FAC-07,DEDICATED,True,PAT-0666
DEV-00667,HOME_MONITOR,RISA_SYNTHETIC,M-3,MULTIVARIATE,VARIABLE,R2_STANDARD,FAC-05,DEDICATED,True,PAT-0667
WRB-00667,WRIST_WEARABLE,RISA_SYNTHETIC,W-4,ACTIVITY_AND_PULSE,5-15 min,R2_STANDARD,FAC-07,DEDICATED,True,PAT-0667
DEV-00668,HOME_MONITOR,RISA_SYNTHETIC,M-4,MULTIVARIATE,VARIABLE,R2_STANDARD,FAC-05,DEDICATED,True,PAT-0668
WRB-00668,WRIST_WEARABLE,RISA_SYNTHETIC,W-1,ACTIVITY_AND_PULSE,5-15 min,R2_STANDARD,FAC-07,DEDICATED,True,PAT-0668
DEV-00669,CLINICAL_MONITOR,RISA_SYNTHETIC,M-5,MULTIVARIATE,VARIABLE,R2_STANDARD,FAC-01,DEDICATED,True,PAT-0669
WRB-00669,WRIST_WEARABLE,RISA_SYNTHETIC,W-2,ACTIVITY_AND_PULSE,5-15 min,R3_VARIABLE,FAC-07,DEDICATED,True,PAT-0669
DEV-00670,HOME_MONITOR,RISA_SYNTHETIC,M-1,MULTIVARIATE,VARIABLE,R1_HIGH,FAC-05,DEDICATED,True,PAT-0670
WRB-00670,WRIST_WEARABLE,RISA_SYNTHETIC,W-3,ACTIVITY_AND_PULSE,5-15 min,R2_STANDARD,FAC-07,DEDICATED,True,PAT-0670
DEV-00671,CLINICAL_MONITOR,RISA_SYNTHETIC,M-2,MULTIVARIATE,VARIABLE,R1_HIGH,FAC-01,DEDICATED,True,PAT-0671
WRB-00671,WRIST_WEARABLE,RISA_SYNTHETIC,W-4,ACTIVITY_AND_PULSE,5-15 min,R2_STANDARD,FAC-07,DEDICATED,True,PAT-0671
DEV-00672,HOME_MONITOR,RISA_SYNTHETIC,M-3,MULTIVARIATE,VARIABLE,R3_VARIABLE,FAC-05,DEDICATED,True,PAT-0672
WRB-00672,WRIST_WEARABLE,RISA_SYNTHETIC,W-1,ACTIVITY_AND_PULSE,5-15 min,R2_STANDARD,FAC-07,DEDICATED,True,PAT-0672
DEV-00673,CLINICAL_MONITOR,RISA_SYNTHETIC,M-4,MULTIVARIATE,VARIABLE,R1_HIGH,FAC-01,DEDICATED,True,PAT-0673
WRB-00673,WRIST_WEARABLE,RISA_SYNTHETIC,W-2,ACTIVITY_AND_PULSE,5-15 min,R3_VARIABLE,FAC-07,DEDICATED,True,PAT-0673
DEV-00674,CLINICAL_MONITOR,RISA_SYNTHETIC,M-5,MULTIVARIATE,VARIABLE,R2_STANDARD,FAC-01,DEDICATED,True,PAT-0674
WRB-00674,WRIST_WEARABLE,RISA_SYNTHETIC,W-3,ACTIVITY_AND_PULSE,5-15 min,R3_VARIABLE,FAC-07,DEDICATED,True,PAT-0674
DEV-00675,HOME_MONITOR,RISA_SYNTHETIC,M-1,MULTIVARIATE,VARIABLE,R2_STANDARD,FAC-05,DEDICATED,True,PAT-0675
WRB-00675,WRIST_WEARABLE,RISA_SYNTHETIC,W-4,ACTIVITY_AND_PULSE,5-15 min,R2_STANDARD,FAC-07,DEDICATED,True,PAT-0675
DEV-00676,HOME_MONITOR,RISA_SYNTHETIC,M-2,MULTIVARIATE,VARIABLE,R2_STANDARD,FAC-05,DEDICATED,True,PAT-0676
WRB-00676,WRIST_WEARABLE,RISA_SYNTHETIC,W-1,ACTIVITY_AND_PULSE,5-15 min,R2_STANDARD,FAC-07,DEDICATED,True,PAT-0676
DEV-00677,CLINICAL_MONITOR,RISA_SYNTHETIC,M-3,MULTIVARIATE,VARIABLE,R2_STANDARD,FAC-01,DEDICATED,True,PAT-0677
WRB-00677,WRIST_WEARABLE,RISA_SYNTHETIC,W-2,ACTIVITY_AND_PULSE,5-15 min,R2_STANDARD,FAC-07,DEDICATED,True,PAT-0677
DEV-00678,HOME_MONITOR,RISA_SYNTHETIC,M-4,MULTIVARIATE,VARIABLE,R2_STANDARD,FAC-05,DEDICATED,True,PAT-0678
WRB-00678,WRIST_WEARABLE,RISA_SYNTHETIC,W-3,ACTIVITY_AND_PULSE,5-15 min,R2_STANDARD,FAC-07,DEDICATED,True,PAT-0678
DEV-00679,HOME_MONITOR,RISA_SYNTHETIC,M-5,MULTIVARIATE,VARIABLE,R2_STANDARD,FAC-05,DEDICATED,True,PAT-0679
WRB-00679,WRIST_WEARABLE,RISA_SYNTHETIC,W-4,ACTIVITY_AND_PULSE,5-15 min,R3_VARIABLE,FAC-07,DEDICATED,True,PAT-0679
DEV-00680,CLINICAL_MONITOR,RISA_SYNTHETIC,M-1,MULTIVARIATE,VARIABLE,R2_STANDARD,FAC-01,DEDICATED,True,PAT-0680
WRB-00680,WRIST_WEARABLE,RISA_SYNTHETIC,W-1,ACTIVITY_AND_PULSE,5-15 min,R2_STANDARD,FAC-07,DEDICATED,True,PAT-0680
DEV-00681,HOME_MONITOR,RISA_SYNTHETIC,M-2,MULTIVARIATE,VARIABLE,R2_STANDARD,FAC-05,DEDICATED,True,PAT-0681
WRB-00681,WRIST_WEARABLE,RISA_SYNTHETIC,W-2,ACTIVITY_AND_PULSE,5-15 min,R2_STANDARD,FAC-07,DEDICATED,True,PAT-0681
DEV-00682,HOME_MONITOR,RISA_SYNTHETIC,M-3,MULTIVARIATE,VARIABLE,R2_STANDARD,FAC-05,DEDICATED,True,PAT-0682
WRB-00682,WRIST_WEARABLE,RISA_SYNTHETIC,W-3,ACTIVITY_AND_PULSE,5-15 min,R3_VARIABLE,FAC-07,DEDICATED,True,PAT-0682
DEV-00683,CLINICAL_MONITOR,RISA_SYNTHETIC,M-4,MULTIVARIATE,VARIABLE,R2_STANDARD,FAC-01,DEDICATED,True,PAT-0683
WRB-00683,WRIST_WEARABLE,RISA_SYNTHETIC,W-4,ACTIVITY_AND_PULSE,5-15 min,R2_STANDARD,FAC-07,DEDICATED,True,PAT-0683
DEV-00684,HOME_MONITOR,RISA_SYNTHETIC,M-5,MULTIVARIATE,VARIABLE,R2_STANDARD,FAC-05,DEDICATED,True,PAT-0684
WRB-00684,WRIST_WEARABLE,RISA_SYNTHETIC,W-1,ACTIVITY_AND_PULSE,5-15 min,R2_STANDARD,FAC-07,DEDICATED,True,PAT-0684
DEV-00685,CLINICAL_MONITOR,RISA_SYNTHETIC,M-1,MULTIVARIATE,VARIABLE,R3_VARIABLE,FAC-01,DEDICATED,True,PAT-0685
WRB-00685,WRIST_WEARABLE,RISA_SYNTHETIC,W-2,ACTIVITY_AND_PULSE,5-15 min,R2_STANDARD,FAC-07,DEDICATED,True,PAT-0685
DEV-00686,CLINICAL_MONITOR,RISA_SYNTHETIC,M-2,MULTIVARIATE,VARIABLE,R2_STANDARD,FAC-01,DEDICATED,True,PAT-0686
WRB-00686,WRIST_WEARABLE,RISA_SYNTHETIC,W-3,ACTIVITY_AND_PULSE,5-15 min,R2_STANDARD,FAC-07,DEDICATED,True,PAT-0686
DEV-00687,HOME_MONITOR,RISA_SYNTHETIC,M-3,MULTIVARIATE,VARIABLE,R2_STANDARD,FAC-05,DEDICATED,True,PAT-0687
WRB-00687,WRIST_WEARABLE,RISA_SYNTHETIC,W-4,ACTIVITY_AND_PULSE,5-15 min,R3_VARIABLE,FAC-07,DEDICATED,True,PAT-0687
DEV-00688,HOME_MONITOR,RISA_SYNTHETIC,M-4,MULTIVARIATE,VARIABLE,R2_STANDARD,FAC-05,DEDICATED,True,PAT-0688
WRB-00688,WRIST_WEARABLE,RISA_SYNTHETIC,W-1,ACTIVITY_AND_PULSE,5-15 min,R2_STANDARD,FAC-07,DEDICATED,True,PAT-0688
DEV-00689,CLINICAL_MONITOR,RISA_SYNTHETIC,M-5,MULTIVARIATE,VARIABLE,R2_STANDARD,FAC-01,DEDICATED,True,PAT-0689
WRB-00689,WRIST_WEARABLE,RISA_SYNTHETIC,W-2,ACTIVITY_AND_PULSE,5-15 min,R2_STANDARD,FAC-07,DEDICATED,True,PAT-0689
DEV-00690,HOME_MONITOR,RISA_SYNTHETIC,M-1,MULTIVARIATE,VARIABLE,R2_STANDARD,FAC-05,DEDICATED,True,PAT-0690
WRB-00690,WRIST_WEARABLE,RISA_SYNTHETIC,W-3,ACTIVITY_AND_PULSE,5-15 min,R3_VARIABLE,FAC-07,DEDICATED,True,PAT-0690
DEV-00691,HOME_MONITOR,RISA_SYNTHETIC,M-2,MULTIVARIATE,VARIABLE,R1_HIGH,FAC-05,DEDICATED,True,PAT-0691
WRB-00691,WRIST_WEARABLE,RISA_SYNTHETIC,W-4,ACTIVITY_AND_PULSE,5-15 min,R2_STANDARD,FAC-07,DEDICATED,True,PAT-0691
DEV-00692,CLINICAL_MONITOR,RISA_SYNTHETIC,M-3,MULTIVARIATE,VARIABLE,R2_STANDARD,FAC-01,DEDICATED,True,PAT-0692
WRB-00692,WRIST_WEARABLE,RISA_SYNTHETIC,W-1,ACTIVITY_AND_PULSE,5-15 min,R2_STANDARD,FAC-07,DEDICATED,True,PAT-0692
DEV-00693,HOME_MONITOR,RISA_SYNTHETIC,M-4,MULTIVARIATE,VARIABLE,R1_HIGH,FAC-05,DEDICATED,True,PAT-0693
WRB-00693,WRIST_WEARABLE,RISA_SYNTHETIC,W-2,ACTIVITY_AND_PULSE,5-15 min,R2_STANDARD,FAC-07,DEDICATED,True,PAT-0693
DEV-00694,HOME_MONITOR,RISA_SYNTHETIC,M-5,MULTIVARIATE,VARIABLE,R2_STANDARD,FAC-05,DEDICATED,True,PAT-0694
WRB-00694,WRIST_WEARABLE,RISA_SYNTHETIC,W-3,ACTIVITY_AND_PULSE,5-15 min,R2_STANDARD,FAC-07,DEDICATED,True,PAT-0694
DEV-00695,HOME_MONITOR,RISA_SYNTHETIC,M-1,MULTIVARIATE,VARIABLE,R2_STANDARD,FAC-05,DEDICATED,True,PAT-0695
WRB-00695,WRIST_WEARABLE,RISA_SYNTHETIC,W-4,ACTIVITY_AND_PULSE,5-15 min,R2_STANDARD,FAC-07,DEDICATED,True,PAT-0695
DEV-00696,HOME_MONITOR,RISA_SYNTHETIC,M-2,MULTIVARIATE,VARIABLE,R3_VARIABLE,FAC-05,DEDICATED,True,PAT-0696
WRB-00696,WRIST_WEARABLE,RISA_SYNTHETIC,W-1,ACTIVITY_AND_PULSE,5-15 min,R2_STANDARD,FAC-07,DEDICATED,True,PAT-0696
DEV-00697,HOME_MONITOR,RISA_SYNTHETIC,M-3,MULTIVARIATE,VARIABLE,R2_STANDARD,FAC-05,DEDICATED,True,PAT-0697
WRB-00697,WRIST_WEARABLE,RISA_SYNTHETIC,W-2,ACTIVITY_AND_PULSE,5-15 min,R2_STANDARD,FAC-07,DEDICATED,True,PAT-0697
DEV-00698,CLINICAL_MONITOR,RISA_SYNTHETIC,M-4,MULTIVARIATE,VARIABLE,R2_STANDARD,FAC-01,DEDICATED,True,PAT-0698
WRB-00698,WRIST_WEARABLE,RISA_SYNTHETIC,W-3,ACTIVITY_AND_PULSE,5-15 min,R2_STANDARD,FAC-07,DEDICATED,True,PAT-0698
DEV-00699,CLINICAL_MONITOR,RISA_SYNTHETIC,M-5,MULTIVARIATE,VARIABLE,R2_STANDARD,FAC-01,DEDICATED,True,PAT-0699
WRB-00699,WRIST_WEARABLE,RISA_SYNTHETIC,W-4,ACTIVITY_AND_PULSE,5-15 min,R2_STANDARD,FAC-07,DEDICATED,True,PAT-0699
DEV-00700,HOME_MONITOR,RISA_SYNTHETIC,M-1,MULTIVARIATE,VARIABLE,R1_HIGH,FAC-05,DEDICATED,True,PAT-0700
WRB-00700,WRIST_WEARABLE,RISA_SYNTHETIC,W-1,ACTIVITY_AND_PULSE,5-15 min,R2_STANDARD,FAC-07,DEDICATED,True,PAT-0700
DEV-00701,HOME_MONITOR,RISA_SYNTHETIC,M-2,MULTIVARIATE,VARIABLE,R3_VARIABLE,FAC-05,DEDICATED,True,PAT-0701
WRB-00701,WRIST_WEARABLE,RISA_SYNTHETIC,W-2,ACTIVITY_AND_PULSE,5-15 min,R2_STANDARD,FAC-07,DEDICATED,True,PAT-0701
DEV-00702,HOME_MONITOR,RISA_SYNTHETIC,M-3,MULTIVARIATE,VARIABLE,R2_STANDARD,FAC-05,DEDICATED,True,PAT-0702
WRB-00702,WRIST_WEARABLE,RISA_SYNTHETIC,W-3,ACTIVITY_AND_PULSE,5-15 min,R2_STANDARD,FAC-07,DEDICATED,True,PAT-0702
DEV-00703,HOME_MONITOR,RISA_SYNTHETIC,M-4,MULTIVARIATE,VARIABLE,R2_STANDARD,FAC-05,DEDICATED,True,PAT-0703
WRB-00703,WRIST_WEARABLE,RISA_SYNTHETIC,W-4,ACTIVITY_AND_PULSE,5-15 min,R3_VARIABLE,FAC-07,DEDICATED,True,PAT-0703
DEV-00704,HOME_MONITOR,RISA_SYNTHETIC,M-5,MULTIVARIATE,VARIABLE,R1_HIGH,FAC-05,DEDICATED,True,PAT-0704
WRB-00704,WRIST_WEARABLE,RISA_SYNTHETIC,W-1,ACTIVITY_AND_PULSE,5-15 min,R2_STANDARD,FAC-07,DEDICATED,True,PAT-0704
DEV-00705,HOME_MONITOR,RISA_SYNTHETIC,M-1,MULTIVARIATE,VARIABLE,R3_VARIABLE,FAC-05,DEDICATED,True,PAT-0705
WRB-00705,WRIST_WEARABLE,RISA_SYNTHETIC,W-2,ACTIVITY_AND_PULSE,5-15 min,R2_STANDARD,FAC-07,DEDICATED,True,PAT-0705
DEV-00706,HOME_MONITOR,RISA_SYNTHETIC,M-2,MULTIVARIATE,VARIABLE,R2_STANDARD,FAC-05,DEDICATED,True,PAT-0706
WRB-00706,WRIST_WEARABLE,RISA_SYNTHETIC,W-3,ACTIVITY_AND_PULSE,5-15 min,R2_STANDARD,FAC-07,DEDICATED,True,PAT-0706
DEV-00707,CLINICAL_MONITOR,RISA_SYNTHETIC,M-3,MULTIVARIATE,VARIABLE,R1_HIGH,FAC-01,DEDICATED,True,PAT-0707
WRB-00707,WRIST_WEARABLE,RISA_SYNTHETIC,W-4,ACTIVITY_AND_PULSE,5-15 min,R2_STANDARD,FAC-07,DEDICATED,True,PAT-0707
DEV-00708,HOME_MONITOR,RISA_SYNTHETIC,M-4,MULTIVARIATE,VARIABLE,R2_STANDARD,FAC-05,DEDICATED,True,PAT-0708
WRB-00708,WRIST_WEARABLE,RISA_SYNTHETIC,W-1,ACTIVITY_AND_PULSE,5-15 min,R3_VARIABLE,FAC-07,DEDICATED,True,PAT-0708
DEV-00709,HOME_MONITOR,RISA_SYNTHETIC,M-5,MULTIVARIATE,VARIABLE,R3_VARIABLE,FAC-05,DEDICATED,True,PAT-0709
WRB-00709,WRIST_WEARABLE,RISA_SYNTHETIC,W-2,ACTIVITY_AND_PULSE,5-15 min,R2_STANDARD,FAC-07,DEDICATED,True,PAT-0709
DEV-00710,HOME_MONITOR,RISA_SYNTHETIC,M-1,MULTIVARIATE,VARIABLE,R3_VARIABLE,FAC-05,DEDICATED,True,PAT-0710
WRB-00710,WRIST_WEARABLE,RISA_SYNTHETIC,W-3,ACTIVITY_AND_PULSE,5-15 min,R3_VARIABLE,FAC-07,DEDICATED,True,PAT-0710
DEV-00711,HOME_MONITOR,RISA_SYNTHETIC,M-2,MULTIVARIATE,VARIABLE,R2_STANDARD,FAC-05,DEDICATED,True,PAT-0711
WRB-00711,WRIST_WEARABLE,RISA_SYNTHETIC,W-4,ACTIVITY_AND_PULSE,5-15 min,R2_STANDARD,FAC-07,DEDICATED,True,PAT-0711
DEV-00712,CLINICAL_MONITOR,RISA_SYNTHETIC,M-3,MULTIVARIATE,VARIABLE,R1_HIGH,FAC-01,DEDICATED,True,PAT-0712
WRB-00712,WRIST_WEARABLE,RISA_SYNTHETIC,W-1,ACTIVITY_AND_PULSE,5-15 min,R2_STANDARD,FAC-07,DEDICATED,True,PAT-0712
DEV-00713,CLINICAL_MONITOR,RISA_SYNTHETIC,M-4,MULTIVARIATE,VARIABLE,R2_STANDARD,FAC-01,DEDICATED,True,PAT-0713
WRB-00713,WRIST_WEARABLE,RISA_SYNTHETIC,W-2,ACTIVITY_AND_PULSE,5-15 min,R2_STANDARD,FAC-07,DEDICATED,True,PAT-0713
DEV-00714,CLINICAL_MONITOR,RISA_SYNTHETIC,M-5,MULTIVARIATE,VARIABLE,R1_HIGH,FAC-01,DEDICATED,True,PAT-0714
WRB-00714,WRIST_WEARABLE,RISA_SYNTHETIC,W-3,ACTIVITY_AND_PULSE,5-15 min,R3_VARIABLE,FAC-07,DEDICATED,True,PAT-0714
DEV-00715,HOME_MONITOR,RISA_SYNTHETIC,M-1,MULTIVARIATE,VARIABLE,R2_STANDARD,FAC-05,DEDICATED,True,PAT-0715
WRB-00715,WRIST_WEARABLE,RISA_SYNTHETIC,W-4,ACTIVITY_AND_PULSE,5-15 min,R2_STANDARD,FAC-07,DEDICATED,True,PAT-0715
DEV-00716,CLINICAL_MONITOR,RISA_SYNTHETIC,M-2,MULTIVARIATE,VARIABLE,R2_STANDARD,FAC-01,DEDICATED,True,PAT-0716
WRB-00716,WRIST_WEARABLE,RISA_SYNTHETIC,W-1,ACTIVITY_AND_PULSE,5-15 min,R2_STANDARD,FAC-07,DEDICATED,True,PAT-0716
DEV-00717,HOME_MONITOR,RISA_SYNTHETIC,M-3,MULTIVARIATE,VARIABLE,R3_VARIABLE,FAC-05,DEDICATED,True,PAT-0717
WRB-00717,WRIST_WEARABLE,RISA_SYNTHETIC,W-2,ACTIVITY_AND_PULSE,5-15 min,R3_VARIABLE,FAC-07,DEDICATED,True,PAT-0717
DEV-00718,HOME_MONITOR,RISA_SYNTHETIC,M-4,MULTIVARIATE,VARIABLE,R2_STANDARD,FAC-05,DEDICATED,True,PAT-0718
WRB-00718,WRIST_WEARABLE,RISA_SYNTHETIC,W-3,ACTIVITY_AND_PULSE,5-15 min,R2_STANDARD,FAC-07,DEDICATED,True,PAT-0718
DEV-00719,CLINICAL_MONITOR,RISA_SYNTHETIC,M-5,MULTIVARIATE,VARIABLE,R2_STANDARD,FAC-01,DEDICATED,True,PAT-0719
WRB-00719,WRIST_WEARABLE,RISA_SYNTHETIC,W-4,ACTIVITY_AND_PULSE,5-15 min,R2_STANDARD,FAC-07,DEDICATED,True,PAT-0719
DEV-00720,CLINICAL_MONITOR,RISA_SYNTHETIC,M-1,MULTIVARIATE,VARIABLE,R2_STANDARD,FAC-01,DEDICATED,True,PAT-0720
WRB-00720,WRIST_WEARABLE,RISA_SYNTHETIC,W-1,ACTIVITY_AND_PULSE,5-15 min,R2_STANDARD,FAC-07,DEDICATED,True,PAT-0720
DEV-00721,CLINICAL_MONITOR,RISA_SYNTHETIC,M-2,MULTIVARIATE,VARIABLE,R2_STANDARD,FAC-01,DEDICATED,True,PAT-0721
WRB-00721,WRIST_WEARABLE,RISA_SYNTHETIC,W-2,ACTIVITY_AND_PULSE,5-15 min,R2_STANDARD,FAC-07,DEDICATED,True,PAT-0721
DEV-00722,HOME_MONITOR,RISA_SYNTHETIC,M-3,MULTIVARIATE,VARIABLE,R1_HIGH,FAC-05,DEDICATED,True,PAT-0722
WRB-00722,WRIST_WEARABLE,RISA_SYNTHETIC,W-3,ACTIVITY_AND_PULSE,5-15 min,R2_STANDARD,FAC-07,DEDICATED,True,PAT-0722
DEV-00723,HOME_MONITOR,RISA_SYNTHETIC,M-4,MULTIVARIATE,VARIABLE,R2_STANDARD,FAC-05,DEDICATED,True,PAT-0723
WRB-00723,WRIST_WEARABLE,RISA_SYNTHETIC,W-4,ACTIVITY_AND_PULSE,5-15 min,R2_STANDARD,FAC-07,DEDICATED,True,PAT-0723
DEV-00724,HOME_MONITOR,RISA_SYNTHETIC,M-5,MULTIVARIATE,VARIABLE,R1_HIGH,FAC-05,DEDICATED,True,PAT-0724
WRB-00724,WRIST_WEARABLE,RISA_SYNTHETIC,W-1,ACTIVITY_AND_PULSE,5-15 min,R2_STANDARD,FAC-07,DEDICATED,True,PAT-0724
DEV-00725,CLINICAL_MONITOR,RISA_SYNTHETIC,M-1,MULTIVARIATE,VARIABLE,R3_VARIABLE,FAC-01,DEDICATED,True,PAT-0725
WRB-00725,WRIST_WEARABLE,RISA_SYNTHETIC,W-2,ACTIVITY_AND_PULSE,5-15 min,R2_STANDARD,FAC-07,DEDICATED,True,PAT-0725
DEV-00726,HOME_MONITOR,RISA_SYNTHETIC,M-2,MULTIVARIATE,VARIABLE,R3_VARIABLE,FAC-05,DEDICATED,True,PAT-0726
WRB-00726,WRIST_WEARABLE,RISA_SYNTHETIC,W-3,ACTIVITY_AND_PULSE,5-15 min,R2_STANDARD,FAC-07,DEDICATED,True,PAT-0726
DEV-00727,CLINICAL_MONITOR,RISA_SYNTHETIC,M-3,MULTIVARIATE,VARIABLE,R2_STANDARD,FAC-01,DEDICATED,True,PAT-0727
WRB-00727,WRIST_WEARABLE,RISA_SYNTHETIC,W-4,ACTIVITY_AND_PULSE,5-15 min,R2_STANDARD,FAC-07,DEDICATED,True,PAT-0727
DEV-00728,CLINICAL_MONITOR,RISA_SYNTHETIC,M-4,MULTIVARIATE,VARIABLE,R2_STANDARD,FAC-01,DEDICATED,True,PAT-0728
WRB-00728,WRIST_WEARABLE,RISA_SYNTHETIC,W-1,ACTIVITY_AND_PULSE,5-15 min,R2_STANDARD,FAC-07,DEDICATED,True,PAT-0728
DEV-00729,CLINICAL_MONITOR,RISA_SYNTHETIC,M-5,MULTIVARIATE,VARIABLE,R1_HIGH,FAC-01,DEDICATED,True,PAT-0729
WRB-00729,WRIST_WEARABLE,RISA_SYNTHETIC,W-2,ACTIVITY_AND_PULSE,5-15 min,R2_STANDARD,FAC-07,DEDICATED,True,PAT-0729
DEV-00730,CLINICAL_MONITOR,RISA_SYNTHETIC,M-1,MULTIVARIATE,VARIABLE,R2_STANDARD,FAC-01,DEDICATED,True,PAT-0730
WRB-00730,WRIST_WEARABLE,RISA_SYNTHETIC,W-3,ACTIVITY_AND_PULSE,5-15 min,R2_STANDARD,FAC-07,DEDICATED,True,PAT-0730
DEV-00731,CLINICAL_MONITOR,RISA_SYNTHETIC,M-2,MULTIVARIATE,VARIABLE,R2_STANDARD,FAC-01,DEDICATED,True,PAT-0731
WRB-00731,WRIST_WEARABLE,RISA_SYNTHETIC,W-4,ACTIVITY_AND_PULSE,5-15 min,R3_VARIABLE,FAC-07,DEDICATED,True,PAT-0731
DEV-00732,CLINICAL_MONITOR,RISA_SYNTHETIC,M-3,MULTIVARIATE,VARIABLE,R3_VARIABLE,FAC-01,DEDICATED,True,PAT-0732
WRB-00732,WRIST_WEARABLE,RISA_SYNTHETIC,W-1,ACTIVITY_AND_PULSE,5-15 min,R3_VARIABLE,FAC-07,DEDICATED,True,PAT-0732
DEV-00733,HOME_MONITOR,RISA_SYNTHETIC,M-4,MULTIVARIATE,VARIABLE,R2_STANDARD,FAC-05,DEDICATED,True,PAT-0733
WRB-00733,WRIST_WEARABLE,RISA_SYNTHETIC,W-2,ACTIVITY_AND_PULSE,5-15 min,R2_STANDARD,FAC-07,DEDICATED,True,PAT-0733
DEV-00734,HOME_MONITOR,RISA_SYNTHETIC,M-5,MULTIVARIATE,VARIABLE,R2_STANDARD,FAC-05,DEDICATED,True,PAT-0734
WRB-00734,WRIST_WEARABLE,RISA_SYNTHETIC,W-3,ACTIVITY_AND_PULSE,5-15 min,R2_STANDARD,FAC-07,DEDICATED,True,PAT-0734
DEV-00735,CLINICAL_MONITOR,RISA_SYNTHETIC,M-1,MULTIVARIATE,VARIABLE,R3_VARIABLE,FAC-01,DEDICATED,True,PAT-0735
WRB-00735,WRIST_WEARABLE,RISA_SYNTHETIC,W-4,ACTIVITY_AND_PULSE,5-15 min,R3_VARIABLE,FAC-07,DEDICATED,True,PAT-0735
DEV-00736,CLINICAL_MONITOR,RISA_SYNTHETIC,M-2,MULTIVARIATE,VARIABLE,R2_STANDARD,FAC-01,DEDICATED,True,PAT-0736
WRB-00736,WRIST_WEARABLE,RISA_SYNTHETIC,W-1,ACTIVITY_AND_PULSE,5-15 min,R2_STANDARD,FAC-07,DEDICATED,True,PAT-0736
DEV-00737,CLINICAL_MONITOR,RISA_SYNTHETIC,M-3,MULTIVARIATE,VARIABLE,R1_HIGH,FAC-01,DEDICATED,True,PAT-0737
WRB-00737,WRIST_WEARABLE,RISA_SYNTHETIC,W-2,ACTIVITY_AND_PULSE,5-15 min,R2_STANDARD,FAC-07,DEDICATED,True,PAT-0737
DEV-00738,CLINICAL_MONITOR,RISA_SYNTHETIC,M-4,MULTIVARIATE,VARIABLE,R1_HIGH,FAC-01,DEDICATED,True,PAT-0738
WRB-00738,WRIST_WEARABLE,RISA_SYNTHETIC,W-3,ACTIVITY_AND_PULSE,5-15 min,R3_VARIABLE,FAC-07,DEDICATED,True,PAT-0738
DEV-00739,HOME_MONITOR,RISA_SYNTHETIC,M-5,MULTIVARIATE,VARIABLE,R2_STANDARD,FAC-05,DEDICATED,True,PAT-0739
WRB-00739,WRIST_WEARABLE,RISA_SYNTHETIC,W-4,ACTIVITY_AND_PULSE,5-15 min,R2_STANDARD,FAC-07,DEDICATED,True,PAT-0739
DEV-00740,HOME_MONITOR,RISA_SYNTHETIC,M-1,MULTIVARIATE,VARIABLE,R2_STANDARD,FAC-05,DEDICATED,True,PAT-0740
WRB-00740,WRIST_WEARABLE,RISA_SYNTHETIC,W-1,ACTIVITY_AND_PULSE,5-15 min,R3_VARIABLE,FAC-07,DEDICATED,True,PAT-0740
DEV-00741,CLINICAL_MONITOR,RISA_SYNTHETIC,M-2,MULTIVARIATE,VARIABLE,R2_STANDARD,FAC-01,DEDICATED,True,PAT-0741
WRB-00741,WRIST_WEARABLE,RISA_SYNTHETIC,W-2,ACTIVITY_AND_PULSE,5-15 min,R2_STANDARD,FAC-07,DEDICATED,True,PAT-0741
DEV-00742,HOME_MONITOR,RISA_SYNTHETIC,M-3,MULTIVARIATE,VARIABLE,R2_STANDARD,FAC-05,DEDICATED,True,PAT-0742
WRB-00742,WRIST_WEARABLE,RISA_SYNTHETIC,W-3,ACTIVITY_AND_PULSE,5-15 min,R3_VARIABLE,FAC-07,DEDICATED,True,PAT-0742
DEV-00743,HOME_MONITOR,RISA_SYNTHETIC,M-4,MULTIVARIATE,VARIABLE,R2_STANDARD,FAC-05,DEDICATED,True,PAT-0743
WRB-00743,WRIST_WEARABLE,RISA_SYNTHETIC,W-4,ACTIVITY_AND_PULSE,5-15 min,R2_STANDARD,FAC-07,DEDICATED,True,PAT-0743
DEV-00744,HOME_MONITOR,RISA_SYNTHETIC,M-5,MULTIVARIATE,VARIABLE,R2_STANDARD,FAC-05,DEDICATED,True,PAT-0744
WRB-00744,WRIST_WEARABLE,RISA_SYNTHETIC,W-1,ACTIVITY_AND_PULSE,5-15 min,R2_STANDARD,FAC-07,DEDICATED,True,PAT-0744
DEV-00745,CLINICAL_MONITOR,RISA_SYNTHETIC,M-1,MULTIVARIATE,VARIABLE,R2_STANDARD,FAC-01,DEDICATED,True,PAT-0745
WRB-00745,WRIST_WEARABLE,RISA_SYNTHETIC,W-2,ACTIVITY_AND_PULSE,5-15 min,R2_STANDARD,FAC-07,DEDICATED,True,PAT-0745
DEV-00746,HOME_MONITOR,RISA_SYNTHETIC,M-2,MULTIVARIATE,VARIABLE,R2_STANDARD,FAC-05,DEDICATED,True,PAT-0746
WRB-00746,WRIST_WEARABLE,RISA_SYNTHETIC,W-3,ACTIVITY_AND_PULSE,5-15 min,R2_STANDARD,FAC-07,DEDICATED,True,PAT-0746
DEV-00747,HOME_MONITOR,RISA_SYNTHETIC,M-3,MULTIVARIATE,VARIABLE,R2_STANDARD,FAC-05,DEDICATED,True,PAT-0747
WRB-00747,WRIST_WEARABLE,RISA_SYNTHETIC,W-4,ACTIVITY_AND_PULSE,5-15 min,R2_STANDARD,FAC-07,DEDICATED,True,PAT-0747
DEV-00748,HOME_MONITOR,RISA_SYNTHETIC,M-4,MULTIVARIATE,VARIABLE,R2_STANDARD,FAC-05,DEDICATED,True,PAT-0748
WRB-00748,WRIST_WEARABLE,RISA_SYNTHETIC,W-1,ACTIVITY_AND_PULSE,5-15 min,R2_STANDARD,FAC-07,DEDICATED,True,PAT-0748
DEV-00749,HOME_MONITOR,RISA_SYNTHETIC,M-5,MULTIVARIATE,VARIABLE,R2_STANDARD,FAC-05,DEDICATED,True,PAT-0749
WRB-00749,WRIST_WEARABLE,RISA_SYNTHETIC,W-2,ACTIVITY_AND_PULSE,5-15 min,R2_STANDARD,FAC-07,DEDICATED,True,PAT-0749
DEV-00750,HOME_MONITOR,RISA_SYNTHETIC,M-1,MULTIVARIATE,VARIABLE,R1_HIGH,FAC-05,DEDICATED,True,PAT-0750
WRB-00750,WRIST_WEARABLE,RISA_SYNTHETIC,W-3,ACTIVITY_AND_PULSE,5-15 min,R2_STANDARD,FAC-07,DEDICATED,True,PAT-0750
DEV-00751,HOME_MONITOR,RISA_SYNTHETIC,M-2,MULTIVARIATE,VARIABLE,R2_STANDARD,FAC-05,DEDICATED,True,PAT-0751
WRB-00751,WRIST_WEARABLE,RISA_SYNTHETIC,W-4,ACTIVITY_AND_PULSE,5-15 min,R2_STANDARD,FAC-07,DEDICATED,True,PAT-0751
DEV-00752,HOME_MONITOR,RISA_SYNTHETIC,M-3,MULTIVARIATE,VARIABLE,R2_STANDARD,FAC-05,DEDICATED,True,PAT-0752
WRB-00752,WRIST_WEARABLE,RISA_SYNTHETIC,W-1,ACTIVITY_AND_PULSE,5-15 min,R2_STANDARD,FAC-07,DEDICATED,True,PAT-0752
DEV-00753,HOME_MONITOR,RISA_SYNTHETIC,M-4,MULTIVARIATE,VARIABLE,R2_STANDARD,FAC-05,DEDICATED,True,PAT-0753
WRB-00753,WRIST_WEARABLE,RISA_SYNTHETIC,W-2,ACTIVITY_AND_PULSE,5-15 min,R2_STANDARD,FAC-07,DEDICATED,True,PAT-0753
DEV-00754,HOME_MONITOR,RISA_SYNTHETIC,M-5,MULTIVARIATE,VARIABLE,R1_HIGH,FAC-05,DEDICATED,True,PAT-0754
WRB-00754,WRIST_WEARABLE,RISA_SYNTHETIC,W-3,ACTIVITY_AND_PULSE,5-15 min,R2_STANDARD,FAC-07,DEDICATED,True,PAT-0754
DEV-00755,HOME_MONITOR,RISA_SYNTHETIC,M-1,MULTIVARIATE,VARIABLE,R2_STANDARD,FAC-05,DEDICATED,True,PAT-0755
WRB-00755,WRIST_WEARABLE,RISA_SYNTHETIC,W-4,ACTIVITY_AND_PULSE,5-15 min,R2_STANDARD,FAC-07,DEDICATED,True,PAT-0755
DEV-00756,HOME_MONITOR,RISA_SYNTHETIC,M-2,MULTIVARIATE,VARIABLE,R3_VARIABLE,FAC-05,DEDICATED,True,PAT-0756
WRB-00756,WRIST_WEARABLE,RISA_SYNTHETIC,W-1,ACTIVITY_AND_PULSE,5-15 min,R2_STANDARD,FAC-07,DEDICATED,True,PAT-0756
DEV-00757,HOME_MONITOR,RISA_SYNTHETIC,M-3,MULTIVARIATE,VARIABLE,R2_STANDARD,FAC-05,DEDICATED,True,PAT-0757
WRB-00757,WRIST_WEARABLE,RISA_SYNTHETIC,W-2,ACTIVITY_AND_PULSE,5-15 min,R2_STANDARD,FAC-07,DEDICATED,True,PAT-0757
DEV-00758,HOME_MONITOR,RISA_SYNTHETIC,M-4,MULTIVARIATE,VARIABLE,R2_STANDARD,FAC-05,DEDICATED,True,PAT-0758
WRB-00758,WRIST_WEARABLE,RISA_SYNTHETIC,W-3,ACTIVITY_AND_PULSE,5-15 min,R2_STANDARD,FAC-07,DEDICATED,True,PAT-0758
DEV-00759,CLINICAL_MONITOR,RISA_SYNTHETIC,M-5,MULTIVARIATE,VARIABLE,R3_VARIABLE,FAC-01,DEDICATED,True,PAT-0759
WRB-00759,WRIST_WEARABLE,RISA_SYNTHETIC,W-4,ACTIVITY_AND_PULSE,5-15 min,R2_STANDARD,FAC-07,DEDICATED,True,PAT-0759
DEV-00760,HOME_MONITOR,RISA_SYNTHETIC,M-1,MULTIVARIATE,VARIABLE,R2_STANDARD,FAC-05,DEDICATED,True,PAT-0760
WRB-00760,WRIST_WEARABLE,RISA_SYNTHETIC,W-1,ACTIVITY_AND_PULSE,5-15 min,R2_STANDARD,FAC-07,DEDICATED,True,PAT-0760
DEV-00761,CLINICAL_MONITOR,RISA_SYNTHETIC,M-2,MULTIVARIATE,VARIABLE,R2_STANDARD,FAC-01,DEDICATED,True,PAT-0761
WRB-00761,WRIST_WEARABLE,RISA_SYNTHETIC,W-2,ACTIVITY_AND_PULSE,5-15 min,R3_VARIABLE,FAC-07,DEDICATED,True,PAT-0761
DEV-00762,HOME_MONITOR,RISA_SYNTHETIC,M-3,MULTIVARIATE,VARIABLE,R1_HIGH,FAC-05,DEDICATED,True,PAT-0762
WRB-00762,WRIST_WEARABLE,RISA_SYNTHETIC,W-3,ACTIVITY_AND_PULSE,5-15 min,R2_STANDARD,FAC-07,DEDICATED,True,PAT-0762
DEV-00763,CLINICAL_MONITOR,RISA_SYNTHETIC,M-4,MULTIVARIATE,VARIABLE,R2_STANDARD,FAC-01,DEDICATED,True,PAT-0763
WRB-00763,WRIST_WEARABLE,RISA_SYNTHETIC,W-4,ACTIVITY_AND_PULSE,5-15 min,R2_STANDARD,FAC-07,DEDICATED,True,PAT-0763
DEV-00764,HOME_MONITOR,RISA_SYNTHETIC,M-5,MULTIVARIATE,VARIABLE,R3_VARIABLE,FAC-05,DEDICATED,True,PAT-0764
WRB-00764,WRIST_WEARABLE,RISA_SYNTHETIC,W-1,ACTIVITY_AND_PULSE,5-15 min,R3_VARIABLE,FAC-07,DEDICATED,True,PAT-0764
DEV-00765,HOME_MONITOR,RISA_SYNTHETIC,M-1,MULTIVARIATE,VARIABLE,R2_STANDARD,FAC-05,DEDICATED,True,PAT-0765
WRB-00765,WRIST_WEARABLE,RISA_SYNTHETIC,W-2,ACTIVITY_AND_PULSE,5-15 min,R2_STANDARD,FAC-07,DEDICATED,True,PAT-0765
DEV-00766,HOME_MONITOR,RISA_SYNTHETIC,M-2,MULTIVARIATE,VARIABLE,R2_STANDARD,FAC-05,DEDICATED,True,PAT-0766
WRB-00766,WRIST_WEARABLE,RISA_SYNTHETIC,W-3,ACTIVITY_AND_PULSE,5-15 min,R3_VARIABLE,FAC-07,DEDICATED,True,PAT-0766
DEV-00767,HOME_MONITOR,RISA_SYNTHETIC,M-3,MULTIVARIATE,VARIABLE,R2_STANDARD,FAC-05,DEDICATED,True,PAT-0767
WRB-00767,WRIST_WEARABLE,RISA_SYNTHETIC,W-4,ACTIVITY_AND_PULSE,5-15 min,R3_VARIABLE,FAC-07,DEDICATED,True,PAT-0767
DEV-00768,HOME_MONITOR,RISA_SYNTHETIC,M-4,MULTIVARIATE,VARIABLE,R3_VARIABLE,FAC-05,DEDICATED,True,PAT-0768
WRB-00768,WRIST_WEARABLE,RISA_SYNTHETIC,W-1,ACTIVITY_AND_PULSE,5-15 min,R2_STANDARD,FAC-07,DEDICATED,True,PAT-0768
DEV-00769,CLINICAL_MONITOR,RISA_SYNTHETIC,M-5,MULTIVARIATE,VARIABLE,R2_STANDARD,FAC-01,DEDICATED,True,PAT-0769
WRB-00769,WRIST_WEARABLE,RISA_SYNTHETIC,W-2,ACTIVITY_AND_PULSE,5-15 min,R2_STANDARD,FAC-07,DEDICATED,True,PAT-0769
DEV-00770,HOME_MONITOR,RISA_SYNTHETIC,M-1,MULTIVARIATE,VARIABLE,R2_STANDARD,FAC-05,DEDICATED,True,PAT-0770
WRB-00770,WRIST_WEARABLE,RISA_SYNTHETIC,W-3,ACTIVITY_AND_PULSE,5-15 min,R3_VARIABLE,FAC-07,DEDICATED,True,PAT-0770
DEV-00771,CLINICAL_MONITOR,RISA_SYNTHETIC,M-2,MULTIVARIATE,VARIABLE,R2_STANDARD,FAC-01,DEDICATED,True,PAT-0771
WRB-00771,WRIST_WEARABLE,RISA_SYNTHETIC,W-4,ACTIVITY_AND_PULSE,5-15 min,R2_STANDARD,FAC-07,DEDICATED,True,PAT-0771
DEV-00772,CLINICAL_MONITOR,RISA_SYNTHETIC,M-3,MULTIVARIATE,VARIABLE,R2_STANDARD,FAC-01,DEDICATED,True,PAT-0772
WRB-00772,WRIST_WEARABLE,RISA_SYNTHETIC,W-1,ACTIVITY_AND_PULSE,5-15 min,R2_STANDARD,FAC-07,DEDICATED,True,PAT-0772
DEV-00773,HOME_MONITOR,RISA_SYNTHETIC,M-4,MULTIVARIATE,VARIABLE,R3_VARIABLE,FAC-05,DEDICATED,True,PAT-0773
WRB-00773,WRIST_WEARABLE,RISA_SYNTHETIC,W-2,ACTIVITY_AND_PULSE,5-15 min,R3_VARIABLE,FAC-07,DEDICATED,True,PAT-0773
DEV-00774,HOME_MONITOR,RISA_SYNTHETIC,M-5,MULTIVARIATE,VARIABLE,R2_STANDARD,FAC-05,DEDICATED,True,PAT-0774
WRB-00774,WRIST_WEARABLE,RISA_SYNTHETIC,W-3,ACTIVITY_AND_PULSE,5-15 min,R3_VARIABLE,FAC-07,DEDICATED,True,PAT-0774
DEV-00775,HOME_MONITOR,RISA_SYNTHETIC,M-1,MULTIVARIATE,VARIABLE,R2_STANDARD,FAC-05,DEDICATED,True,PAT-0775
WRB-00775,WRIST_WEARABLE,RISA_SYNTHETIC,W-4,ACTIVITY_AND_PULSE,5-15 min,R3_VARIABLE,FAC-07,DEDICATED,True,PAT-0775
DEV-00776,HOME_MONITOR,RISA_SYNTHETIC,M-2,MULTIVARIATE,VARIABLE,R2_STANDARD,FAC-05,DEDICATED,True,PAT-0776
WRB-00776,WRIST_WEARABLE,RISA_SYNTHETIC,W-1,ACTIVITY_AND_PULSE,5-15 min,R2_STANDARD,FAC-07,DEDICATED,True,PAT-0776
DEV-00777,CLINICAL_MONITOR,RISA_SYNTHETIC,M-3,MULTIVARIATE,VARIABLE,R2_STANDARD,FAC-01,DEDICATED,True,PAT-0777
WRB-00777,WRIST_WEARABLE,RISA_SYNTHETIC,W-2,ACTIVITY_AND_PULSE,5-15 min,R2_STANDARD,FAC-07,DEDICATED,True,PAT-0777
DEV-00778,HOME_MONITOR,RISA_SYNTHETIC,M-4,MULTIVARIATE,VARIABLE,R2_STANDARD,FAC-05,DEDICATED,True,PAT-0778
WRB-00778,WRIST_WEARABLE,RISA_SYNTHETIC,W-3,ACTIVITY_AND_PULSE,5-15 min,R2_STANDARD,FAC-07,DEDICATED,True,PAT-0778
DEV-00779,HOME_MONITOR,RISA_SYNTHETIC,M-5,MULTIVARIATE,VARIABLE,R2_STANDARD,FAC-05,DEDICATED,True,PAT-0779
WRB-00779,WRIST_WEARABLE,RISA_SYNTHETIC,W-4,ACTIVITY_AND_PULSE,5-15 min,R2_STANDARD,FAC-07,DEDICATED,True,PAT-0779
DEV-00780,HOME_MONITOR,RISA_SYNTHETIC,M-1,MULTIVARIATE,VARIABLE,R1_HIGH,FAC-05,DEDICATED,True,PAT-0780
WRB-00780,WRIST_WEARABLE,RISA_SYNTHETIC,W-1,ACTIVITY_AND_PULSE,5-15 min,R2_STANDARD,FAC-07,DEDICATED,True,PAT-0780
DEV-00781,HOME_MONITOR,RISA_SYNTHETIC,M-2,MULTIVARIATE,VARIABLE,R1_HIGH,FAC-05,DEDICATED,True,PAT-0781
WRB-00781,WRIST_WEARABLE,RISA_SYNTHETIC,W-2,ACTIVITY_AND_PULSE,5-15 min,R3_VARIABLE,FAC-07,DEDICATED,True,PAT-0781
DEV-00782,HOME_MONITOR,RISA_SYNTHETIC,M-3,MULTIVARIATE,VARIABLE,R2_STANDARD,FAC-05,DEDICATED,True,PAT-0782
WRB-00782,WRIST_WEARABLE,RISA_SYNTHETIC,W-3,ACTIVITY_AND_PULSE,5-15 min,R2_STANDARD,FAC-07,DEDICATED,True,PAT-0782
DEV-00783,HOME_MONITOR,RISA_SYNTHETIC,M-4,MULTIVARIATE,VARIABLE,R2_STANDARD,FAC-05,DEDICATED,True,PAT-0783
WRB-00783,WRIST_WEARABLE,RISA_SYNTHETIC,W-4,ACTIVITY_AND_PULSE,5-15 min,R2_STANDARD,FAC-07,DEDICATED,True,PAT-0783
DEV-00784,HOME_MONITOR,RISA_SYNTHETIC,M-5,MULTIVARIATE,VARIABLE,R2_STANDARD,FAC-05,DEDICATED,True,PAT-0784
WRB-00784,WRIST_WEARABLE,RISA_SYNTHETIC,W-1,ACTIVITY_AND_PULSE,5-15 min,R2_STANDARD,FAC-07,DEDICATED,True,PAT-0784
DEV-00785,HOME_MONITOR,RISA_SYNTHETIC,M-1,MULTIVARIATE,VARIABLE,R1_HIGH,FAC-05,DEDICATED,True,PAT-0785
WRB-00785,WRIST_WEARABLE,RISA_SYNTHETIC,W-2,ACTIVITY_AND_PULSE,5-15 min,R3_VARIABLE,FAC-07,DEDICATED,True,PAT-0785
DEV-00786,HOME_MONITOR,RISA_SYNTHETIC,M-2,MULTIVARIATE,VARIABLE,R2_STANDARD,FAC-05,DEDICATED,True,PAT-0786
WRB-00786,WRIST_WEARABLE,RISA_SYNTHETIC,W-3,ACTIVITY_AND_PULSE,5-15 min,R2_STANDARD,FAC-07,DEDICATED,True,PAT-0786
DEV-00787,HOME_MONITOR,RISA_SYNTHETIC,M-3,MULTIVARIATE,VARIABLE,R1_HIGH,FAC-05,DEDICATED,True,PAT-0787
WRB-00787,WRIST_WEARABLE,RISA_SYNTHETIC,W-4,ACTIVITY_AND_PULSE,5-15 min,R2_STANDARD,FAC-07,DEDICATED,True,PAT-0787
DEV-00788,HOME_MONITOR,RISA_SYNTHETIC,M-4,MULTIVARIATE,VARIABLE,R1_HIGH,FAC-05,DEDICATED,True,PAT-0788
WRB-00788,WRIST_WEARABLE,RISA_SYNTHETIC,W-1,ACTIVITY_AND_PULSE,5-15 min,R3_VARIABLE,FAC-07,DEDICATED,True,PAT-0788
DEV-00789,HOME_MONITOR,RISA_SYNTHETIC,M-5,MULTIVARIATE,VARIABLE,R2_STANDARD,FAC-05,DEDICATED,True,PAT-0789
WRB-00789,WRIST_WEARABLE,RISA_SYNTHETIC,W-2,ACTIVITY_AND_PULSE,5-15 min,R2_STANDARD,FAC-07,DEDICATED,True,PAT-0789
DEV-00790,CLINICAL_MONITOR,RISA_SYNTHETIC,M-1,MULTIVARIATE,VARIABLE,R2_STANDARD,FAC-01,DEDICATED,True,PAT-0790
WRB-00790,WRIST_WEARABLE,RISA_SYNTHETIC,W-3,ACTIVITY_AND_PULSE,5-15 min,R2_STANDARD,FAC-07,DEDICATED,True,PAT-0790
DEV-00791,HOME_MONITOR,RISA_SYNTHETIC,M-2,MULTIVARIATE,VARIABLE,R3_VARIABLE,FAC-05,DEDICATED,True,PAT-0791
WRB-00791,WRIST_WEARABLE,RISA_SYNTHETIC,W-4,ACTIVITY_AND_PULSE,5-15 min,R2_STANDARD,FAC-07,DEDICATED,True,PAT-0791
DEV-00792,HOME_MONITOR,RISA_SYNTHETIC,M-3,MULTIVARIATE,VARIABLE,R1_HIGH,FAC-05,DEDICATED,True,PAT-0792
WRB-00792,WRIST_WEARABLE,RISA_SYNTHETIC,W-1,ACTIVITY_AND_PULSE,5-15 min,R2_STANDARD,FAC-07,DEDICATED,True,PAT-0792
DEV-00793,CLINICAL_MONITOR,RISA_SYNTHETIC,M-4,MULTIVARIATE,VARIABLE,R2_STANDARD,FAC-01,DEDICATED,True,PAT-0793
WRB-00793,WRIST_WEARABLE,RISA_SYNTHETIC,W-2,ACTIVITY_AND_PULSE,5-15 min,R3_VARIABLE,FAC-07,DEDICATED,True,PAT-0793
DEV-00794,CLINICAL_MONITOR,RISA_SYNTHETIC,M-5,MULTIVARIATE,VARIABLE,R3_VARIABLE,FAC-01,DEDICATED,True,PAT-0794
WRB-00794,WRIST_WEARABLE,RISA_SYNTHETIC,W-3,ACTIVITY_AND_PULSE,5-15 min,R3_VARIABLE,FAC-07,DEDICATED,True,PAT-0794
DEV-00795,CLINICAL_MONITOR,RISA_SYNTHETIC,M-1,MULTIVARIATE,VARIABLE,R2_STANDARD,FAC-01,DEDICATED,True,PAT-0795
WRB-00795,WRIST_WEARABLE,RISA_SYNTHETIC,W-4,ACTIVITY_AND_PULSE,5-15 min,R2_STANDARD,FAC-07,DEDICATED,True,PAT-0795
DEV-00796,HOME_MONITOR,RISA_SYNTHETIC,M-2,MULTIVARIATE,VARIABLE,R2_STANDARD,FAC-05,DEDICATED,True,PAT-0796
WRB-00796,WRIST_WEARABLE,RISA_SYNTHETIC,W-1,ACTIVITY_AND_PULSE,5-15 min,R2_STANDARD,FAC-07,DEDICATED,True,PAT-0796
DEV-00797,HOME_MONITOR,RISA_SYNTHETIC,M-3,MULTIVARIATE,VARIABLE,R1_HIGH,FAC-05,DEDICATED,True,PAT-0797
WRB-00797,WRIST_WEARABLE,RISA_SYNTHETIC,W-2,ACTIVITY_AND_PULSE,5-15 min,R2_STANDARD,FAC-07,DEDICATED,True,PAT-0797
DEV-00798,HOME_MONITOR,RISA_SYNTHETIC,M-4,MULTIVARIATE,VARIABLE,R2_STANDARD,FAC-05,DEDICATED,True,PAT-0798
WRB-00798,WRIST_WEARABLE,RISA_SYNTHETIC,W-3,ACTIVITY_AND_PULSE,5-15 min,R2_STANDARD,FAC-07,DEDICATED,True,PAT-0798
DEV-00799,CLINICAL_MONITOR,RISA_SYNTHETIC,M-5,MULTIVARIATE,VARIABLE,R1_HIGH,FAC-01,DEDICATED,True,PAT-0799
WRB-00799,WRIST_WEARABLE,RISA_SYNTHETIC,W-4,ACTIVITY_AND_PULSE,5-15 min,R2_STANDARD,FAC-07,DEDICATED,True,PAT-0799
DEV-00800,CLINICAL_MONITOR,RISA_SYNTHETIC,M-1,MULTIVARIATE,VARIABLE,R2_STANDARD,FAC-01,DEDICATED,True,PAT-0800
WRB-00800,WRIST_WEARABLE,RISA_SYNTHETIC,W-1,ACTIVITY_AND_PULSE,5-15 min,R2_STANDARD,FAC-07,DEDICATED,True,PAT-0800
DEV-00801,CLINICAL_MONITOR,RISA_SYNTHETIC,M-2,MULTIVARIATE,VARIABLE,R3_VARIABLE,FAC-01,DEDICATED,True,PAT-0801
WRB-00801,WRIST_WEARABLE,RISA_SYNTHETIC,W-2,ACTIVITY_AND_PULSE,5-15 min,R2_STANDARD,FAC-07,DEDICATED,True,PAT-0801
DEV-00802,HOME_MONITOR,RISA_SYNTHETIC,M-3,MULTIVARIATE,VARIABLE,R3_VARIABLE,FAC-05,DEDICATED,True,PAT-0802
WRB-00802,WRIST_WEARABLE,RISA_SYNTHETIC,W-3,ACTIVITY_AND_PULSE,5-15 min,R2_STANDARD,FAC-07,DEDICATED,True,PAT-0802
DEV-00803,HOME_MONITOR,RISA_SYNTHETIC,M-4,MULTIVARIATE,VARIABLE,R2_STANDARD,FAC-05,DEDICATED,True,PAT-0803
WRB-00803,WRIST_WEARABLE,RISA_SYNTHETIC,W-4,ACTIVITY_AND_PULSE,5-15 min,R2_STANDARD,FAC-07,DEDICATED,True,PAT-0803
DEV-00804,HOME_MONITOR,RISA_SYNTHETIC,M-5,MULTIVARIATE,VARIABLE,R2_STANDARD,FAC-05,DEDICATED,True,PAT-0804
WRB-00804,WRIST_WEARABLE,RISA_SYNTHETIC,W-1,ACTIVITY_AND_PULSE,5-15 min,R2_STANDARD,FAC-07,DEDICATED,True,PAT-0804
DEV-00805,CLINICAL_MONITOR,RISA_SYNTHETIC,M-1,MULTIVARIATE,VARIABLE,R1_HIGH,FAC-01,DEDICATED,True,PAT-0805
WRB-00805,WRIST_WEARABLE,RISA_SYNTHETIC,W-2,ACTIVITY_AND_PULSE,5-15 min,R2_STANDARD,FAC-07,DEDICATED,True,PAT-0805
DEV-00806,CLINICAL_MONITOR,RISA_SYNTHETIC,M-2,MULTIVARIATE,VARIABLE,R3_VARIABLE,FAC-01,DEDICATED,True,PAT-0806
WRB-00806,WRIST_WEARABLE,RISA_SYNTHETIC,W-3,ACTIVITY_AND_PULSE,5-15 min,R3_VARIABLE,FAC-07,DEDICATED,True,PAT-0806
DEV-00807,CLINICAL_MONITOR,RISA_SYNTHETIC,M-3,MULTIVARIATE,VARIABLE,R1_HIGH,FAC-01,DEDICATED,True,PAT-0807
WRB-00807,WRIST_WEARABLE,RISA_SYNTHETIC,W-4,ACTIVITY_AND_PULSE,5-15 min,R2_STANDARD,FAC-07,DEDICATED,True,PAT-0807
DEV-00808,CLINICAL_MONITOR,RISA_SYNTHETIC,M-4,MULTIVARIATE,VARIABLE,R2_STANDARD,FAC-01,DEDICATED,True,PAT-0808
WRB-00808,WRIST_WEARABLE,RISA_SYNTHETIC,W-1,ACTIVITY_AND_PULSE,5-15 min,R3_VARIABLE,FAC-07,DEDICATED,True,PAT-0808
DEV-00809,CLINICAL_MONITOR,RISA_SYNTHETIC,M-5,MULTIVARIATE,VARIABLE,R2_STANDARD,FAC-01,DEDICATED,True,PAT-0809
WRB-00809,WRIST_WEARABLE,RISA_SYNTHETIC,W-2,ACTIVITY_AND_PULSE,5-15 min,R2_STANDARD,FAC-07,DEDICATED,True,PAT-0809
DEV-00810,CLINICAL_MONITOR,RISA_SYNTHETIC,M-1,MULTIVARIATE,VARIABLE,R2_STANDARD,FAC-01,DEDICATED,True,PAT-0810
WRB-00810,WRIST_WEARABLE,RISA_SYNTHETIC,W-3,ACTIVITY_AND_PULSE,5-15 min,R2_STANDARD,FAC-07,DEDICATED,True,PAT-0810
DEV-00811,HOME_MONITOR,RISA_SYNTHETIC,M-2,MULTIVARIATE,VARIABLE,R2_STANDARD,FAC-05,DEDICATED,True,PAT-0811
WRB-00811,WRIST_WEARABLE,RISA_SYNTHETIC,W-4,ACTIVITY_AND_PULSE,5-15 min,R2_STANDARD,FAC-07,DEDICATED,True,PAT-0811
DEV-00812,HOME_MONITOR,RISA_SYNTHETIC,M-3,MULTIVARIATE,VARIABLE,R1_HIGH,FAC-05,DEDICATED,True,PAT-0812
WRB-00812,WRIST_WEARABLE,RISA_SYNTHETIC,W-1,ACTIVITY_AND_PULSE,5-15 min,R2_STANDARD,FAC-07,DEDICATED,True,PAT-0812
DEV-00813,CLINICAL_MONITOR,RISA_SYNTHETIC,M-4,MULTIVARIATE,VARIABLE,R2_STANDARD,FAC-01,DEDICATED,True,PAT-0813
WRB-00813,WRIST_WEARABLE,RISA_SYNTHETIC,W-2,ACTIVITY_AND_PULSE,5-15 min,R2_STANDARD,FAC-07,DEDICATED,True,PAT-0813
DEV-00814,CLINICAL_MONITOR,RISA_SYNTHETIC,M-5,MULTIVARIATE,VARIABLE,R2_STANDARD,FAC-01,DEDICATED,True,PAT-0814
WRB-00814,WRIST_WEARABLE,RISA_SYNTHETIC,W-3,ACTIVITY_AND_PULSE,5-15 min,R3_VARIABLE,FAC-07,DEDICATED,True,PAT-0814
DEV-00815,CLINICAL_MONITOR,RISA_SYNTHETIC,M-1,MULTIVARIATE,VARIABLE,R1_HIGH,FAC-01,DEDICATED,True,PAT-0815
WRB-00815,WRIST_WEARABLE,RISA_SYNTHETIC,W-4,ACTIVITY_AND_PULSE,5-15 min,R2_STANDARD,FAC-07,DEDICATED,True,PAT-0815
DEV-00816,HOME_MONITOR,RISA_SYNTHETIC,M-2,MULTIVARIATE,VARIABLE,R3_VARIABLE,FAC-05,DEDICATED,True,PAT-0816
WRB-00816,WRIST_WEARABLE,RISA_SYNTHETIC,W-1,ACTIVITY_AND_PULSE,5-15 min,R2_STANDARD,FAC-07,DEDICATED,True,PAT-0816
DEV-00817,CLINICAL_MONITOR,RISA_SYNTHETIC,M-3,MULTIVARIATE,VARIABLE,R1_HIGH,FAC-01,DEDICATED,True,PAT-0817
WRB-00817,WRIST_WEARABLE,RISA_SYNTHETIC,W-2,ACTIVITY_AND_PULSE,5-15 min,R2_STANDARD,FAC-07,DEDICATED,True,PAT-0817
DEV-00818,CLINICAL_MONITOR,RISA_SYNTHETIC,M-4,MULTIVARIATE,VARIABLE,R2_STANDARD,FAC-01,DEDICATED,True,PAT-0818
WRB-00818,WRIST_WEARABLE,RISA_SYNTHETIC,W-3,ACTIVITY_AND_PULSE,5-15 min,R2_STANDARD,FAC-07,DEDICATED,True,PAT-0818
DEV-00819,CLINICAL_MONITOR,RISA_SYNTHETIC,M-5,MULTIVARIATE,VARIABLE,R2_STANDARD,FAC-01,DEDICATED,True,PAT-0819
WRB-00819,WRIST_WEARABLE,RISA_SYNTHETIC,W-4,ACTIVITY_AND_PULSE,5-15 min,R3_VARIABLE,FAC-07,DEDICATED,True,PAT-0819
DEV-00820,HOME_MONITOR,RISA_SYNTHETIC,M-1,MULTIVARIATE,VARIABLE,R2_STANDARD,FAC-05,DEDICATED,True,PAT-0820
WRB-00820,WRIST_WEARABLE,RISA_SYNTHETIC,W-1,ACTIVITY_AND_PULSE,5-15 min,R2_STANDARD,FAC-07,DEDICATED,True,PAT-0820
DEV-00821,CLINICAL_MONITOR,RISA_SYNTHETIC,M-2,MULTIVARIATE,VARIABLE,R2_STANDARD,FAC-01,DEDICATED,True,PAT-0821
WRB-00821,WRIST_WEARABLE,RISA_SYNTHETIC,W-2,ACTIVITY_AND_PULSE,5-15 min,R3_VARIABLE,FAC-07,DEDICATED,True,PAT-0821
DEV-00822,HOME_MONITOR,RISA_SYNTHETIC,M-3,MULTIVARIATE,VARIABLE,R2_STANDARD,FAC-05,DEDICATED,True,PAT-0822
WRB-00822,WRIST_WEARABLE,RISA_SYNTHETIC,W-3,ACTIVITY_AND_PULSE,5-15 min,R3_VARIABLE,FAC-07,DEDICATED,True,PAT-0822
DEV-00823,HOME_MONITOR,RISA_SYNTHETIC,M-4,MULTIVARIATE,VARIABLE,R1_HIGH,FAC-05,DEDICATED,True,PAT-0823
WRB-00823,WRIST_WEARABLE,RISA_SYNTHETIC,W-4,ACTIVITY_AND_PULSE,5-15 min,R2_STANDARD,FAC-07,DEDICATED,True,PAT-0823
DEV-00824,CLINICAL_MONITOR,RISA_SYNTHETIC,M-5,MULTIVARIATE,VARIABLE,R3_VARIABLE,FAC-01,DEDICATED,True,PAT-0824
WRB-00824,WRIST_WEARABLE,RISA_SYNTHETIC,W-1,ACTIVITY_AND_PULSE,5-15 min,R3_VARIABLE,FAC-07,DEDICATED,True,PAT-0824
DEV-00825,CLINICAL_MONITOR,RISA_SYNTHETIC,M-1,MULTIVARIATE,VARIABLE,R1_HIGH,FAC-01,DEDICATED,True,PAT-0825
WRB-00825,WRIST_WEARABLE,RISA_SYNTHETIC,W-2,ACTIVITY_AND_PULSE,5-15 min,R2_STANDARD,FAC-07,DEDICATED,True,PAT-0825
DEV-00826,HOME_MONITOR,RISA_SYNTHETIC,M-2,MULTIVARIATE,VARIABLE,R2_STANDARD,FAC-05,DEDICATED,True,PAT-0826
WRB-00826,WRIST_WEARABLE,RISA_SYNTHETIC,W-3,ACTIVITY_AND_PULSE,5-15 min,R3_VARIABLE,FAC-07,DEDICATED,True,PAT-0826
DEV-00827,HOME_MONITOR,RISA_SYNTHETIC,M-3,MULTIVARIATE,VARIABLE,R2_STANDARD,FAC-05,DEDICATED,True,PAT-0827
WRB-00827,WRIST_WEARABLE,RISA_SYNTHETIC,W-4,ACTIVITY_AND_PULSE,5-15 min,R2_STANDARD,FAC-07,DEDICATED,True,PAT-0827
DEV-00828,CLINICAL_MONITOR,RISA_SYNTHETIC,M-4,MULTIVARIATE,VARIABLE,R3_VARIABLE,FAC-01,DEDICATED,True,PAT-0828
WRB-00828,WRIST_WEARABLE,RISA_SYNTHETIC,W-1,ACTIVITY_AND_PULSE,5-15 min,R3_VARIABLE,FAC-07,DEDICATED,True,PAT-0828
DEV-00829,CLINICAL_MONITOR,RISA_SYNTHETIC,M-5,MULTIVARIATE,VARIABLE,R3_VARIABLE,FAC-01,DEDICATED,True,PAT-0829
WRB-00829,WRIST_WEARABLE,RISA_SYNTHETIC,W-2,ACTIVITY_AND_PULSE,5-15 min,R2_STANDARD,FAC-07,DEDICATED,True,PAT-0829
DEV-00830,HOME_MONITOR,RISA_SYNTHETIC,M-1,MULTIVARIATE,VARIABLE,R3_VARIABLE,FAC-05,DEDICATED,True,PAT-0830
WRB-00830,WRIST_WEARABLE,RISA_SYNTHETIC,W-3,ACTIVITY_AND_PULSE,5-15 min,R2_STANDARD,FAC-07,DEDICATED,True,PAT-0830
DEV-00831,CLINICAL_MONITOR,RISA_SYNTHETIC,M-2,MULTIVARIATE,VARIABLE,R3_VARIABLE,FAC-01,DEDICATED,True,PAT-0831
WRB-00831,WRIST_WEARABLE,RISA_SYNTHETIC,W-4,ACTIVITY_AND_PULSE,5-15 min,R2_STANDARD,FAC-07,DEDICATED,True,PAT-0831
DEV-00832,CLINICAL_MONITOR,RISA_SYNTHETIC,M-3,MULTIVARIATE,VARIABLE,R1_HIGH,FAC-01,DEDICATED,True,PAT-0832
WRB-00832,WRIST_WEARABLE,RISA_SYNTHETIC,W-1,ACTIVITY_AND_PULSE,5-15 min,R2_STANDARD,FAC-07,DEDICATED,True,PAT-0832
DEV-00833,CLINICAL_MONITOR,RISA_SYNTHETIC,M-4,MULTIVARIATE,VARIABLE,R2_STANDARD,FAC-01,DEDICATED,True,PAT-0833
WRB-00833,WRIST_WEARABLE,RISA_SYNTHETIC,W-2,ACTIVITY_AND_PULSE,5-15 min,R2_STANDARD,FAC-07,DEDICATED,True,PAT-0833
DEV-00834,HOME_MONITOR,RISA_SYNTHETIC,M-5,MULTIVARIATE,VARIABLE,R1_HIGH,FAC-05,DEDICATED,True,PAT-0834
WRB-00834,WRIST_WEARABLE,RISA_SYNTHETIC,W-3,ACTIVITY_AND_PULSE,5-15 min,R2_STANDARD,FAC-07,DEDICATED,True,PAT-0834
DEV-00835,HOME_MONITOR,RISA_SYNTHETIC,M-1,MULTIVARIATE,VARIABLE,R2_STANDARD,FAC-05,DEDICATED,True,PAT-0835
WRB-00835,WRIST_WEARABLE,RISA_SYNTHETIC,W-4,ACTIVITY_AND_PULSE,5-15 min,R2_STANDARD,FAC-07,DEDICATED,True,PAT-0835
DEV-00836,HOME_MONITOR,RISA_SYNTHETIC,M-2,MULTIVARIATE,VARIABLE,R3_VARIABLE,FAC-05,DEDICATED,True,PAT-0836
WRB-00836,WRIST_WEARABLE,RISA_SYNTHETIC,W-1,ACTIVITY_AND_PULSE,5-15 min,R2_STANDARD,FAC-07,DEDICATED,True,PAT-0836
DEV-00837,HOME_MONITOR,RISA_SYNTHETIC,M-3,MULTIVARIATE,VARIABLE,R3_VARIABLE,FAC-05,DEDICATED,True,PAT-0837
WRB-00837,WRIST_WEARABLE,RISA_SYNTHETIC,W-2,ACTIVITY_AND_PULSE,5-15 min,R2_STANDARD,FAC-07,DEDICATED,True,PAT-0837
DEV-00838,HOME_MONITOR,RISA_SYNTHETIC,M-4,MULTIVARIATE,VARIABLE,R2_STANDARD,FAC-05,DEDICATED,True,PAT-0838
WRB-00838,WRIST_WEARABLE,RISA_SYNTHETIC,W-3,ACTIVITY_AND_PULSE,5-15 min,R2_STANDARD,FAC-07,DEDICATED,True,PAT-0838
DEV-00839,HOME_MONITOR,RISA_SYNTHETIC,M-5,MULTIVARIATE,VARIABLE,R2_STANDARD,FAC-05,DEDICATED,True,PAT-0839
WRB-00839,WRIST_WEARABLE,RISA_SYNTHETIC,W-4,ACTIVITY_AND_PULSE,5-15 min,R2_STANDARD,FAC-07,DEDICATED,True,PAT-0839
DEV-00840,CLINICAL_MONITOR,RISA_SYNTHETIC,M-1,MULTIVARIATE,VARIABLE,R2_STANDARD,FAC-01,DEDICATED,True,PAT-0840
WRB-00840,WRIST_WEARABLE,RISA_SYNTHETIC,W-1,ACTIVITY_AND_PULSE,5-15 min,R2_STANDARD,FAC-07,DEDICATED,True,PAT-0840
DEV-00841,CLINICAL_MONITOR,RISA_SYNTHETIC,M-2,MULTIVARIATE,VARIABLE,R2_STANDARD,FAC-01,DEDICATED,True,PAT-0841
WRB-00841,WRIST_WEARABLE,RISA_SYNTHETIC,W-2,ACTIVITY_AND_PULSE,5-15 min,R2_STANDARD,FAC-07,DEDICATED,True,PAT-0841
DEV-00842,HOME_MONITOR,RISA_SYNTHETIC,M-3,MULTIVARIATE,VARIABLE,R2_STANDARD,FAC-05,DEDICATED,True,PAT-0842
WRB-00842,WRIST_WEARABLE,RISA_SYNTHETIC,W-3,ACTIVITY_AND_PULSE,5-15 min,R2_STANDARD,FAC-07,DEDICATED,True,PAT-0842
DEV-00843,CLINICAL_MONITOR,RISA_SYNTHETIC,M-4,MULTIVARIATE,VARIABLE,R2_STANDARD,FAC-01,DEDICATED,True,PAT-0843
WRB-00843,WRIST_WEARABLE,RISA_SYNTHETIC,W-4,ACTIVITY_AND_PULSE,5-15 min,R2_STANDARD,FAC-07,DEDICATED,True,PAT-0843
DEV-00844,HOME_MONITOR,RISA_SYNTHETIC,M-5,MULTIVARIATE,VARIABLE,R2_STANDARD,FAC-05,DEDICATED,True,PAT-0844
WRB-00844,WRIST_WEARABLE,RISA_SYNTHETIC,W-1,ACTIVITY_AND_PULSE,5-15 min,R3_VARIABLE,FAC-07,DEDICATED,True,PAT-0844
DEV-00845,CLINICAL_MONITOR,RISA_SYNTHETIC,M-1,MULTIVARIATE,VARIABLE,R2_STANDARD,FAC-01,DEDICATED,True,PAT-0845
WRB-00845,WRIST_WEARABLE,RISA_SYNTHETIC,W-2,ACTIVITY_AND_PULSE,5-15 min,R2_STANDARD,FAC-07,DEDICATED,True,PAT-0845
DEV-00846,HOME_MONITOR,RISA_SYNTHETIC,M-2,MULTIVARIATE,VARIABLE,R3_VARIABLE,FAC-05,DEDICATED,True,PAT-0846
WRB-00846,WRIST_WEARABLE,RISA_SYNTHETIC,W-3,ACTIVITY_AND_PULSE,5-15 min,R2_STANDARD,FAC-07,DEDICATED,True,PAT-0846
DEV-00847,HOME_MONITOR,RISA_SYNTHETIC,M-3,MULTIVARIATE,VARIABLE,R3_VARIABLE,FAC-05,DEDICATED,True,PAT-0847
WRB-00847,WRIST_WEARABLE,RISA_SYNTHETIC,W-4,ACTIVITY_AND_PULSE,5-15 min,R2_STANDARD,FAC-07,DEDICATED,True,PAT-0847
DEV-00848,HOME_MONITOR,RISA_SYNTHETIC,M-4,MULTIVARIATE,VARIABLE,R2_STANDARD,FAC-05,DEDICATED,True,PAT-0848
WRB-00848,WRIST_WEARABLE,RISA_SYNTHETIC,W-1,ACTIVITY_AND_PULSE,5-15 min,R2_STANDARD,FAC-07,DEDICATED,True,PAT-0848
DEV-00849,HOME_MONITOR,RISA_SYNTHETIC,M-5,MULTIVARIATE,VARIABLE,R3_VARIABLE,FAC-05,DEDICATED,True,PAT-0849
WRB-00849,WRIST_WEARABLE,RISA_SYNTHETIC,W-2,ACTIVITY_AND_PULSE,5-15 min,R2_STANDARD,FAC-07,DEDICATED,True,PAT-0849
DEV-00850,HOME_MONITOR,RISA_SYNTHETIC,M-1,MULTIVARIATE,VARIABLE,R1_HIGH,FAC-05,DEDICATED,True,PAT-0850
WRB-00850,WRIST_WEARABLE,RISA_SYNTHETIC,W-3,ACTIVITY_AND_PULSE,5-15 min,R2_STANDARD,FAC-07,DEDICATED,True,PAT-0850
DEV-00851,HOME_MONITOR,RISA_SYNTHETIC,M-2,MULTIVARIATE,VARIABLE,R2_STANDARD,FAC-05,DEDICATED,True,PAT-0851
WRB-00851,WRIST_WEARABLE,RISA_SYNTHETIC,W-4,ACTIVITY_AND_PULSE,5-15 min,R2_STANDARD,FAC-07,DEDICATED,True,PAT-0851
DEV-00852,CLINICAL_MONITOR,RISA_SYNTHETIC,M-3,MULTIVARIATE,VARIABLE,R2_STANDARD,FAC-01,DEDICATED,True,PAT-0852
WRB-00852,WRIST_WEARABLE,RISA_SYNTHETIC,W-1,ACTIVITY_AND_PULSE,5-15 min,R3_VARIABLE,FAC-07,DEDICATED,True,PAT-0852
DEV-00853,HOME_MONITOR,RISA_SYNTHETIC,M-4,MULTIVARIATE,VARIABLE,R2_STANDARD,FAC-05,DEDICATED,True,PAT-0853
WRB-00853,WRIST_WEARABLE,RISA_SYNTHETIC,W-2,ACTIVITY_AND_PULSE,5-15 min,R3_VARIABLE,FAC-07,DEDICATED,True,PAT-0853
DEV-00854,HOME_MONITOR,RISA_SYNTHETIC,M-5,MULTIVARIATE,VARIABLE,R2_STANDARD,FAC-05,DEDICATED,True,PAT-0854
WRB-00854,WRIST_WEARABLE,RISA_SYNTHETIC,W-3,ACTIVITY_AND_PULSE,5-15 min,R2_STANDARD,FAC-07,DEDICATED,True,PAT-0854
DEV-00855,HOME_MONITOR,RISA_SYNTHETIC,M-1,MULTIVARIATE,VARIABLE,R2_STANDARD,FAC-05,DEDICATED,True,PAT-0855
WRB-00855,WRIST_WEARABLE,RISA_SYNTHETIC,W-4,ACTIVITY_AND_PULSE,5-15 min,R2_STANDARD,FAC-07,DEDICATED,True,PAT-0855
DEV-00856,HOME_MONITOR,RISA_SYNTHETIC,M-2,MULTIVARIATE,VARIABLE,R2_STANDARD,FAC-05,DEDICATED,True,PAT-0856
WRB-00856,WRIST_WEARABLE,RISA_SYNTHETIC,W-1,ACTIVITY_AND_PULSE,5-15 min,R2_STANDARD,FAC-07,DEDICATED,True,PAT-0856
DEV-00857,CLINICAL_MONITOR,RISA_SYNTHETIC,M-3,MULTIVARIATE,VARIABLE,R1_HIGH,FAC-01,DEDICATED,True,PAT-0857
WRB-00857,WRIST_WEARABLE,RISA_SYNTHETIC,W-2,ACTIVITY_AND_PULSE,5-15 min,R3_VARIABLE,FAC-07,DEDICATED,True,PAT-0857
DEV-00858,HOME_MONITOR,RISA_SYNTHETIC,M-4,MULTIVARIATE,VARIABLE,R2_STANDARD,FAC-05,DEDICATED,True,PAT-0858
WRB-00858,WRIST_WEARABLE,RISA_SYNTHETIC,W-3,ACTIVITY_AND_PULSE,5-15 min,R3_VARIABLE,FAC-07,DEDICATED,True,PAT-0858
DEV-00859,CLINICAL_MONITOR,RISA_SYNTHETIC,M-5,MULTIVARIATE,VARIABLE,R2_STANDARD,FAC-01,DEDICATED,True,PAT-0859
WRB-00859,WRIST_WEARABLE,RISA_SYNTHETIC,W-4,ACTIVITY_AND_PULSE,5-15 min,R2_STANDARD,FAC-07,DEDICATED,True,PAT-0859
DEV-00860,HOME_MONITOR,RISA_SYNTHETIC,M-1,MULTIVARIATE,VARIABLE,R3_VARIABLE,FAC-05,DEDICATED,True,PAT-0860
WRB-00860,WRIST_WEARABLE,RISA_SYNTHETIC,W-1,ACTIVITY_AND_PULSE,5-15 min,R2_STANDARD,FAC-07,DEDICATED,True,PAT-0860
DEV-00861,HOME_MONITOR,RISA_SYNTHETIC,M-2,MULTIVARIATE,VARIABLE,R2_STANDARD,FAC-05,DEDICATED,True,PAT-0861
WRB-00861,WRIST_WEARABLE,RISA_SYNTHETIC,W-2,ACTIVITY_AND_PULSE,5-15 min,R3_VARIABLE,FAC-07,DEDICATED,True,PAT-0861
DEV-00862,CLINICAL_MONITOR,RISA_SYNTHETIC,M-3,MULTIVARIATE,VARIABLE,R1_HIGH,FAC-01,DEDICATED,True,PAT-0862
WRB-00862,WRIST_WEARABLE,RISA_SYNTHETIC,W-3,ACTIVITY_AND_PULSE,5-15 min,R2_STANDARD,FAC-07,DEDICATED,True,PAT-0862
DEV-00863,HOME_MONITOR,RISA_SYNTHETIC,M-4,MULTIVARIATE,VARIABLE,R2_STANDARD,FAC-05,DEDICATED,True,PAT-0863
WRB-00863,WRIST_WEARABLE,RISA_SYNTHETIC,W-4,ACTIVITY_AND_PULSE,5-15 min,R2_STANDARD,FAC-07,DEDICATED,True,PAT-0863
DEV-00864,CLINICAL_MONITOR,RISA_SYNTHETIC,M-5,MULTIVARIATE,VARIABLE,R2_STANDARD,FAC-01,DEDICATED,True,PAT-0864
WRB-00864,WRIST_WEARABLE,RISA_SYNTHETIC,W-1,ACTIVITY_AND_PULSE,5-15 min,R3_VARIABLE,FAC-07,DEDICATED,True,PAT-0864
DEV-00865,HOME_MONITOR,RISA_SYNTHETIC,M-1,MULTIVARIATE,VARIABLE,R1_HIGH,FAC-05,DEDICATED,True,PAT-0865
WRB-00865,WRIST_WEARABLE,RISA_SYNTHETIC,W-2,ACTIVITY_AND_PULSE,5-15 min,R2_STANDARD,FAC-07,DEDICATED,True,PAT-0865
DEV-00866,HOME_MONITOR,RISA_SYNTHETIC,M-2,MULTIVARIATE,VARIABLE,R3_VARIABLE,FAC-05,DEDICATED,True,PAT-0866
WRB-00866,WRIST_WEARABLE,RISA_SYNTHETIC,W-3,ACTIVITY_AND_PULSE,5-15 min,R2_STANDARD,FAC-07,DEDICATED,True,PAT-0866
DEV-00867,CLINICAL_MONITOR,RISA_SYNTHETIC,M-3,MULTIVARIATE,VARIABLE,R2_STANDARD,FAC-01,DEDICATED,True,PAT-0867
WRB-00867,WRIST_WEARABLE,RISA_SYNTHETIC,W-4,ACTIVITY_AND_PULSE,5-15 min,R2_STANDARD,FAC-07,DEDICATED,True,PAT-0867
DEV-00868,HOME_MONITOR,RISA_SYNTHETIC,M-4,MULTIVARIATE,VARIABLE,R2_STANDARD,FAC-05,DEDICATED,True,PAT-0868
WRB-00868,WRIST_WEARABLE,RISA_SYNTHETIC,W-1,ACTIVITY_AND_PULSE,5-15 min,R2_STANDARD,FAC-07,DEDICATED,True,PAT-0868
DEV-00869,HOME_MONITOR,RISA_SYNTHETIC,M-5,MULTIVARIATE,VARIABLE,R2_STANDARD,FAC-05,DEDICATED,True,PAT-0869
WRB-00869,WRIST_WEARABLE,RISA_SYNTHETIC,W-2,ACTIVITY_AND_PULSE,5-15 min,R3_VARIABLE,FAC-07,DEDICATED,True,PAT-0869
DEV-00870,CLINICAL_MONITOR,RISA_SYNTHETIC,M-1,MULTIVARIATE,VARIABLE,R2_STANDARD,FAC-01,DEDICATED,True,PAT-0870
WRB-00870,WRIST_WEARABLE,RISA_SYNTHETIC,W-3,ACTIVITY_AND_PULSE,5-15 min,R2_STANDARD,FAC-07,DEDICATED,True,PAT-0870
DEV-00871,HOME_MONITOR,RISA_SYNTHETIC,M-2,MULTIVARIATE,VARIABLE,R2_STANDARD,FAC-05,DEDICATED,True,PAT-0871
WRB-00871,WRIST_WEARABLE,RISA_SYNTHETIC,W-4,ACTIVITY_AND_PULSE,5-15 min,R2_STANDARD,FAC-07,DEDICATED,True,PAT-0871
DEV-00872,HOME_MONITOR,RISA_SYNTHETIC,M-3,MULTIVARIATE,VARIABLE,R2_STANDARD,FAC-05,DEDICATED,True,PAT-0872
WRB-00872,WRIST_WEARABLE,RISA_SYNTHETIC,W-1,ACTIVITY_AND_PULSE,5-15 min,R2_STANDARD,FAC-07,DEDICATED,True,PAT-0872
DEV-00873,CLINICAL_MONITOR,RISA_SYNTHETIC,M-4,MULTIVARIATE,VARIABLE,R2_STANDARD,FAC-01,DEDICATED,True,PAT-0873
WRB-00873,WRIST_WEARABLE,RISA_SYNTHETIC,W-2,ACTIVITY_AND_PULSE,5-15 min,R3_VARIABLE,FAC-07,DEDICATED,True,PAT-0873
DEV-00874,HOME_MONITOR,RISA_SYNTHETIC,M-5,MULTIVARIATE,VARIABLE,R3_VARIABLE,FAC-05,DEDICATED,True,PAT-0874
WRB-00874,WRIST_WEARABLE,RISA_SYNTHETIC,W-3,ACTIVITY_AND_PULSE,5-15 min,R2_STANDARD,FAC-07,DEDICATED,True,PAT-0874
DEV-00875,HOME_MONITOR,RISA_SYNTHETIC,M-1,MULTIVARIATE,VARIABLE,R2_STANDARD,FAC-05,DEDICATED,True,PAT-0875
WRB-00875,WRIST_WEARABLE,RISA_SYNTHETIC,W-4,ACTIVITY_AND_PULSE,5-15 min,R2_STANDARD,FAC-07,DEDICATED,True,PAT-0875
DEV-00876,HOME_MONITOR,RISA_SYNTHETIC,M-2,MULTIVARIATE,VARIABLE,R2_STANDARD,FAC-05,DEDICATED,True,PAT-0876
WRB-00876,WRIST_WEARABLE,RISA_SYNTHETIC,W-1,ACTIVITY_AND_PULSE,5-15 min,R2_STANDARD,FAC-07,DEDICATED,True,PAT-0876
DEV-00877,CLINICAL_MONITOR,RISA_SYNTHETIC,M-3,MULTIVARIATE,VARIABLE,R3_VARIABLE,FAC-01,DEDICATED,True,PAT-0877
WRB-00877,WRIST_WEARABLE,RISA_SYNTHETIC,W-2,ACTIVITY_AND_PULSE,5-15 min,R2_STANDARD,FAC-07,DEDICATED,True,PAT-0877
DEV-00878,HOME_MONITOR,RISA_SYNTHETIC,M-4,MULTIVARIATE,VARIABLE,R1_HIGH,FAC-05,DEDICATED,True,PAT-0878
WRB-00878,WRIST_WEARABLE,RISA_SYNTHETIC,W-3,ACTIVITY_AND_PULSE,5-15 min,R2_STANDARD,FAC-07,DEDICATED,True,PAT-0878
DEV-00879,HOME_MONITOR,RISA_SYNTHETIC,M-5,MULTIVARIATE,VARIABLE,R2_STANDARD,FAC-05,DEDICATED,True,PAT-0879
WRB-00879,WRIST_WEARABLE,RISA_SYNTHETIC,W-4,ACTIVITY_AND_PULSE,5-15 min,R3_VARIABLE,FAC-07,DEDICATED,True,PAT-0879
DEV-00880,HOME_MONITOR,RISA_SYNTHETIC,M-1,MULTIVARIATE,VARIABLE,R2_STANDARD,FAC-05,DEDICATED,True,PAT-0880
WRB-00880,WRIST_WEARABLE,RISA_SYNTHETIC,W-1,ACTIVITY_AND_PULSE,5-15 min,R3_VARIABLE,FAC-07,DEDICATED,True,PAT-0880
DEV-00881,HOME_MONITOR,RISA_SYNTHETIC,M-2,MULTIVARIATE,VARIABLE,R2_STANDARD,FAC-05,DEDICATED,True,PAT-0881
WRB-00881,WRIST_WEARABLE,RISA_SYNTHETIC,W-2,ACTIVITY_AND_PULSE,5-15 min,R2_STANDARD,FAC-07,DEDICATED,True,PAT-0881
DEV-00882,HOME_MONITOR,RISA_SYNTHETIC,M-3,MULTIVARIATE,VARIABLE,R2_STANDARD,FAC-05,DEDICATED,True,PAT-0882
WRB-00882,WRIST_WEARABLE,RISA_SYNTHETIC,W-3,ACTIVITY_AND_PULSE,5-15 min,R2_STANDARD,FAC-07,DEDICATED,True,PAT-0882
DEV-00883,HOME_MONITOR,RISA_SYNTHETIC,M-4,MULTIVARIATE,VARIABLE,R3_VARIABLE,FAC-05,DEDICATED,True,PAT-0883
WRB-00883,WRIST_WEARABLE,RISA_SYNTHETIC,W-4,ACTIVITY_AND_PULSE,5-15 min,R3_VARIABLE,FAC-07,DEDICATED,True,PAT-0883
DEV-00884,HOME_MONITOR,RISA_SYNTHETIC,M-5,MULTIVARIATE,VARIABLE,R2_STANDARD,FAC-05,DEDICATED,True,PAT-0884
WRB-00884,WRIST_WEARABLE,RISA_SYNTHETIC,W-1,ACTIVITY_AND_PULSE,5-15 min,R2_STANDARD,FAC-07,DEDICATED,True,PAT-0884
DEV-00885,CLINICAL_MONITOR,RISA_SYNTHETIC,M-1,MULTIVARIATE,VARIABLE,R3_VARIABLE,FAC-01,DEDICATED,True,PAT-0885
WRB-00885,WRIST_WEARABLE,RISA_SYNTHETIC,W-2,ACTIVITY_AND_PULSE,5-15 min,R2_STANDARD,FAC-07,DEDICATED,True,PAT-0885
DEV-00886,HOME_MONITOR,RISA_SYNTHETIC,M-2,MULTIVARIATE,VARIABLE,R2_STANDARD,FAC-05,DEDICATED,True,PAT-0886
WRB-00886,WRIST_WEARABLE,RISA_SYNTHETIC,W-3,ACTIVITY_AND_PULSE,5-15 min,R2_STANDARD,FAC-07,DEDICATED,True,PAT-0886
DEV-00887,HOME_MONITOR,RISA_SYNTHETIC,M-3,MULTIVARIATE,VARIABLE,R2_STANDARD,FAC-05,DEDICATED,True,PAT-0887
WRB-00887,WRIST_WEARABLE,RISA_SYNTHETIC,W-4,ACTIVITY_AND_PULSE,5-15 min,R2_STANDARD,FAC-07,DEDICATED,True,PAT-0887
DEV-00888,CLINICAL_MONITOR,RISA_SYNTHETIC,M-4,MULTIVARIATE,VARIABLE,R2_STANDARD,FAC-01,DEDICATED,True,PAT-0888
WRB-00888,WRIST_WEARABLE,RISA_SYNTHETIC,W-1,ACTIVITY_AND_PULSE,5-15 min,R2_STANDARD,FAC-07,DEDICATED,True,PAT-0888
DEV-00889,HOME_MONITOR,RISA_SYNTHETIC,M-5,MULTIVARIATE,VARIABLE,R2_STANDARD,FAC-05,DEDICATED,True,PAT-0889
WRB-00889,WRIST_WEARABLE,RISA_SYNTHETIC,W-2,ACTIVITY_AND_PULSE,5-15 min,R2_STANDARD,FAC-07,DEDICATED,True,PAT-0889
DEV-00890,HOME_MONITOR,RISA_SYNTHETIC,M-1,MULTIVARIATE,VARIABLE,R2_STANDARD,FAC-05,DEDICATED,True,PAT-0890
WRB-00890,WRIST_WEARABLE,RISA_SYNTHETIC,W-3,ACTIVITY_AND_PULSE,5-15 min,R3_VARIABLE,FAC-07,DEDICATED,True,PAT-0890
DEV-00891,CLINICAL_MONITOR,RISA_SYNTHETIC,M-2,MULTIVARIATE,VARIABLE,R2_STANDARD,FAC-01,DEDICATED,True,PAT-0891
WRB-00891,WRIST_WEARABLE,RISA_SYNTHETIC,W-4,ACTIVITY_AND_PULSE,5-15 min,R3_VARIABLE,FAC-07,DEDICATED,True,PAT-0891
DEV-00892,CLINICAL_MONITOR,RISA_SYNTHETIC,M-3,MULTIVARIATE,VARIABLE,R3_VARIABLE,FAC-01,DEDICATED,True,PAT-0892
WRB-00892,WRIST_WEARABLE,RISA_SYNTHETIC,W-1,ACTIVITY_AND_PULSE,5-15 min,R2_STANDARD,FAC-07,DEDICATED,True,PAT-0892
DEV-00893,HOME_MONITOR,RISA_SYNTHETIC,M-4,MULTIVARIATE,VARIABLE,R2_STANDARD,FAC-05,DEDICATED,True,PAT-0893
WRB-00893,WRIST_WEARABLE,RISA_SYNTHETIC,W-2,ACTIVITY_AND_PULSE,5-15 min,R2_STANDARD,FAC-07,DEDICATED,True,PAT-0893
DEV-00894,CLINICAL_MONITOR,RISA_SYNTHETIC,M-5,MULTIVARIATE,VARIABLE,R2_STANDARD,FAC-01,DEDICATED,True,PAT-0894
WRB-00894,WRIST_WEARABLE,RISA_SYNTHETIC,W-3,ACTIVITY_AND_PULSE,5-15 min,R2_STANDARD,FAC-07,DEDICATED,True,PAT-0894
DEV-00895,CLINICAL_MONITOR,RISA_SYNTHETIC,M-1,MULTIVARIATE,VARIABLE,R2_STANDARD,FAC-01,DEDICATED,True,PAT-0895
WRB-00895,WRIST_WEARABLE,RISA_SYNTHETIC,W-4,ACTIVITY_AND_PULSE,5-15 min,R2_STANDARD,FAC-07,DEDICATED,True,PAT-0895
DEV-00896,CLINICAL_MONITOR,RISA_SYNTHETIC,M-2,MULTIVARIATE,VARIABLE,R2_STANDARD,FAC-01,DEDICATED,True,PAT-0896
WRB-00896,WRIST_WEARABLE,RISA_SYNTHETIC,W-1,ACTIVITY_AND_PULSE,5-15 min,R2_STANDARD,FAC-07,DEDICATED,True,PAT-0896
DEV-00897,HOME_MONITOR,RISA_SYNTHETIC,M-3,MULTIVARIATE,VARIABLE,R3_VARIABLE,FAC-05,DEDICATED,True,PAT-0897
WRB-00897,WRIST_WEARABLE,RISA_SYNTHETIC,W-2,ACTIVITY_AND_PULSE,5-15 min,R2_STANDARD,FAC-07,DEDICATED,True,PAT-0897
DEV-00898,HOME_MONITOR,RISA_SYNTHETIC,M-4,MULTIVARIATE,VARIABLE,R2_STANDARD,FAC-05,DEDICATED,True,PAT-0898
WRB-00898,WRIST_WEARABLE,RISA_SYNTHETIC,W-3,ACTIVITY_AND_PULSE,5-15 min,R2_STANDARD,FAC-07,DEDICATED,True,PAT-0898
DEV-00899,CLINICAL_MONITOR,RISA_SYNTHETIC,M-5,MULTIVARIATE,VARIABLE,R2_STANDARD,FAC-01,DEDICATED,True,PAT-0899
WRB-00899,WRIST_WEARABLE,RISA_SYNTHETIC,W-4,ACTIVITY_AND_PULSE,5-15 min,R2_STANDARD,FAC-07,DEDICATED,True,PAT-0899
DEV-00900,CLINICAL_MONITOR,RISA_SYNTHETIC,M-1,MULTIVARIATE,VARIABLE,R2_STANDARD,FAC-01,DEDICATED,True,PAT-0900
WRB-00900,WRIST_WEARABLE,RISA_SYNTHETIC,W-1,ACTIVITY_AND_PULSE,5-15 min,R2_STANDARD,FAC-07,DEDICATED,True,PAT-0900
DEV-00901,HOME_MONITOR,RISA_SYNTHETIC,M-2,MULTIVARIATE,VARIABLE,R1_HIGH,FAC-05,DEDICATED,True,PAT-0901
WRB-00901,WRIST_WEARABLE,RISA_SYNTHETIC,W-2,ACTIVITY_AND_PULSE,5-15 min,R3_VARIABLE,FAC-07,DEDICATED,True,PAT-0901
DEV-00902,HOME_MONITOR,RISA_SYNTHETIC,M-3,MULTIVARIATE,VARIABLE,R2_STANDARD,FAC-05,DEDICATED,True,PAT-0902
WRB-00902,WRIST_WEARABLE,RISA_SYNTHETIC,W-3,ACTIVITY_AND_PULSE,5-15 min,R2_STANDARD,FAC-07,DEDICATED,True,PAT-0902
DEV-00903,CLINICAL_MONITOR,RISA_SYNTHETIC,M-4,MULTIVARIATE,VARIABLE,R2_STANDARD,FAC-01,DEDICATED,True,PAT-0903
WRB-00903,WRIST_WEARABLE,RISA_SYNTHETIC,W-4,ACTIVITY_AND_PULSE,5-15 min,R2_STANDARD,FAC-07,DEDICATED,True,PAT-0903
DEV-00904,HOME_MONITOR,RISA_SYNTHETIC,M-5,MULTIVARIATE,VARIABLE,R2_STANDARD,FAC-05,DEDICATED,True,PAT-0904
WRB-00904,WRIST_WEARABLE,RISA_SYNTHETIC,W-1,ACTIVITY_AND_PULSE,5-15 min,R2_STANDARD,FAC-07,DEDICATED,True,PAT-0904
DEV-00905,HOME_MONITOR,RISA_SYNTHETIC,M-1,MULTIVARIATE,VARIABLE,R1_HIGH,FAC-05,DEDICATED,True,PAT-0905
WRB-00905,WRIST_WEARABLE,RISA_SYNTHETIC,W-2,ACTIVITY_AND_PULSE,5-15 min,R3_VARIABLE,FAC-07,DEDICATED,True,PAT-0905
DEV-00906,HOME_MONITOR,RISA_SYNTHETIC,M-2,MULTIVARIATE,VARIABLE,R2_STANDARD,FAC-05,DEDICATED,True,PAT-0906
WRB-00906,WRIST_WEARABLE,RISA_SYNTHETIC,W-3,ACTIVITY_AND_PULSE,5-15 min,R2_STANDARD,FAC-07,DEDICATED,True,PAT-0906
DEV-00907,HOME_MONITOR,RISA_SYNTHETIC,M-3,MULTIVARIATE,VARIABLE,R2_STANDARD,FAC-05,DEDICATED,True,PAT-0907
WRB-00907,WRIST_WEARABLE,RISA_SYNTHETIC,W-4,ACTIVITY_AND_PULSE,5-15 min,R2_STANDARD,FAC-07,DEDICATED,True,PAT-0907
DEV-00908,HOME_MONITOR,RISA_SYNTHETIC,M-4,MULTIVARIATE,VARIABLE,R2_STANDARD,FAC-05,DEDICATED,True,PAT-0908
WRB-00908,WRIST_WEARABLE,RISA_SYNTHETIC,W-1,ACTIVITY_AND_PULSE,5-15 min,R2_STANDARD,FAC-07,DEDICATED,True,PAT-0908
DEV-00909,HOME_MONITOR,RISA_SYNTHETIC,M-5,MULTIVARIATE,VARIABLE,R2_STANDARD,FAC-05,DEDICATED,True,PAT-0909
WRB-00909,WRIST_WEARABLE,RISA_SYNTHETIC,W-2,ACTIVITY_AND_PULSE,5-15 min,R2_STANDARD,FAC-07,DEDICATED,True,PAT-0909
DEV-00910,HOME_MONITOR,RISA_SYNTHETIC,M-1,MULTIVARIATE,VARIABLE,R3_VARIABLE,FAC-05,DEDICATED,True,PAT-0910
WRB-00910,WRIST_WEARABLE,RISA_SYNTHETIC,W-3,ACTIVITY_AND_PULSE,5-15 min,R2_STANDARD,FAC-07,DEDICATED,True,PAT-0910
DEV-00911,CLINICAL_MONITOR,RISA_SYNTHETIC,M-2,MULTIVARIATE,VARIABLE,R3_VARIABLE,FAC-01,DEDICATED,True,PAT-0911
WRB-00911,WRIST_WEARABLE,RISA_SYNTHETIC,W-4,ACTIVITY_AND_PULSE,5-15 min,R2_STANDARD,FAC-07,DEDICATED,True,PAT-0911
DEV-00912,HOME_MONITOR,RISA_SYNTHETIC,M-3,MULTIVARIATE,VARIABLE,R2_STANDARD,FAC-05,DEDICATED,True,PAT-0912
WRB-00912,WRIST_WEARABLE,RISA_SYNTHETIC,W-1,ACTIVITY_AND_PULSE,5-15 min,R2_STANDARD,FAC-07,DEDICATED,True,PAT-0912
DEV-00913,HOME_MONITOR,RISA_SYNTHETIC,M-4,MULTIVARIATE,VARIABLE,R2_STANDARD,FAC-05,DEDICATED,True,PAT-0913
WRB-00913,WRIST_WEARABLE,RISA_SYNTHETIC,W-2,ACTIVITY_AND_PULSE,5-15 min,R3_VARIABLE,FAC-07,DEDICATED,True,PAT-0913
DEV-00914,HOME_MONITOR,RISA_SYNTHETIC,M-5,MULTIVARIATE,VARIABLE,R2_STANDARD,FAC-05,DEDICATED,True,PAT-0914
WRB-00914,WRIST_WEARABLE,RISA_SYNTHETIC,W-3,ACTIVITY_AND_PULSE,5-15 min,R2_STANDARD,FAC-07,DEDICATED,True,PAT-0914
DEV-00915,CLINICAL_MONITOR,RISA_SYNTHETIC,M-1,MULTIVARIATE,VARIABLE,R2_STANDARD,FAC-01,DEDICATED,True,PAT-0915
WRB-00915,WRIST_WEARABLE,RISA_SYNTHETIC,W-4,ACTIVITY_AND_PULSE,5-15 min,R2_STANDARD,FAC-07,DEDICATED,True,PAT-0915
DEV-00916,CLINICAL_MONITOR,RISA_SYNTHETIC,M-2,MULTIVARIATE,VARIABLE,R2_STANDARD,FAC-01,DEDICATED,True,PAT-0916
WRB-00916,WRIST_WEARABLE,RISA_SYNTHETIC,W-1,ACTIVITY_AND_PULSE,5-15 min,R2_STANDARD,FAC-07,DEDICATED,True,PAT-0916
DEV-00917,CLINICAL_MONITOR,RISA_SYNTHETIC,M-3,MULTIVARIATE,VARIABLE,R1_HIGH,FAC-01,DEDICATED,True,PAT-0917
WRB-00917,WRIST_WEARABLE,RISA_SYNTHETIC,W-2,ACTIVITY_AND_PULSE,5-15 min,R3_VARIABLE,FAC-07,DEDICATED,True,PAT-0917
DEV-00918,CLINICAL_MONITOR,RISA_SYNTHETIC,M-4,MULTIVARIATE,VARIABLE,R1_HIGH,FAC-01,DEDICATED,True,PAT-0918
WRB-00918,WRIST_WEARABLE,RISA_SYNTHETIC,W-3,ACTIVITY_AND_PULSE,5-15 min,R3_VARIABLE,FAC-07,DEDICATED,True,PAT-0918
DEV-00919,HOME_MONITOR,RISA_SYNTHETIC,M-5,MULTIVARIATE,VARIABLE,R2_STANDARD,FAC-05,DEDICATED,True,PAT-0919
WRB-00919,WRIST_WEARABLE,RISA_SYNTHETIC,W-4,ACTIVITY_AND_PULSE,5-15 min,R2_STANDARD,FAC-07,DEDICATED,True,PAT-0919
DEV-00920,CLINICAL_MONITOR,RISA_SYNTHETIC,M-1,MULTIVARIATE,VARIABLE,R2_STANDARD,FAC-01,DEDICATED,True,PAT-0920
WRB-00920,WRIST_WEARABLE,RISA_SYNTHETIC,W-1,ACTIVITY_AND_PULSE,5-15 min,R2_STANDARD,FAC-07,DEDICATED,True,PAT-0920
DEV-00921,CLINICAL_MONITOR,RISA_SYNTHETIC,M-2,MULTIVARIATE,VARIABLE,R3_VARIABLE,FAC-01,DEDICATED,True,PAT-0921
WRB-00921,WRIST_WEARABLE,RISA_SYNTHETIC,W-2,ACTIVITY_AND_PULSE,5-15 min,R2_STANDARD,FAC-07,DEDICATED,True,PAT-0921
DEV-00922,CLINICAL_MONITOR,RISA_SYNTHETIC,M-3,MULTIVARIATE,VARIABLE,R2_STANDARD,FAC-01,DEDICATED,True,PAT-0922
WRB-00922,WRIST_WEARABLE,RISA_SYNTHETIC,W-3,ACTIVITY_AND_PULSE,5-15 min,R2_STANDARD,FAC-07,DEDICATED,True,PAT-0922
DEV-00923,HOME_MONITOR,RISA_SYNTHETIC,M-4,MULTIVARIATE,VARIABLE,R2_STANDARD,FAC-05,DEDICATED,True,PAT-0923
WRB-00923,WRIST_WEARABLE,RISA_SYNTHETIC,W-4,ACTIVITY_AND_PULSE,5-15 min,R2_STANDARD,FAC-07,DEDICATED,True,PAT-0923
DEV-00924,HOME_MONITOR,RISA_SYNTHETIC,M-5,MULTIVARIATE,VARIABLE,R1_HIGH,FAC-05,DEDICATED,True,PAT-0924
WRB-00924,WRIST_WEARABLE,RISA_SYNTHETIC,W-1,ACTIVITY_AND_PULSE,5-15 min,R2_STANDARD,FAC-07,DEDICATED,True,PAT-0924
DEV-00925,CLINICAL_MONITOR,RISA_SYNTHETIC,M-1,MULTIVARIATE,VARIABLE,R2_STANDARD,FAC-01,DEDICATED,True,PAT-0925
WRB-00925,WRIST_WEARABLE,RISA_SYNTHETIC,W-2,ACTIVITY_AND_PULSE,5-15 min,R2_STANDARD,FAC-07,DEDICATED,True,PAT-0925
DEV-00926,HOME_MONITOR,RISA_SYNTHETIC,M-2,MULTIVARIATE,VARIABLE,R2_STANDARD,FAC-05,DEDICATED,True,PAT-0926
WRB-00926,WRIST_WEARABLE,RISA_SYNTHETIC,W-3,ACTIVITY_AND_PULSE,5-15 min,R2_STANDARD,FAC-07,DEDICATED,True,PAT-0926
DEV-00927,HOME_MONITOR,RISA_SYNTHETIC,M-3,MULTIVARIATE,VARIABLE,R2_STANDARD,FAC-05,DEDICATED,True,PAT-0927
WRB-00927,WRIST_WEARABLE,RISA_SYNTHETIC,W-4,ACTIVITY_AND_PULSE,5-15 min,R2_STANDARD,FAC-07,DEDICATED,True,PAT-0927
DEV-00928,HOME_MONITOR,RISA_SYNTHETIC,M-4,MULTIVARIATE,VARIABLE,R2_STANDARD,FAC-05,DEDICATED,True,PAT-0928
WRB-00928,WRIST_WEARABLE,RISA_SYNTHETIC,W-1,ACTIVITY_AND_PULSE,5-15 min,R2_STANDARD,FAC-07,DEDICATED,True,PAT-0928
DEV-00929,HOME_MONITOR,RISA_SYNTHETIC,M-5,MULTIVARIATE,VARIABLE,R3_VARIABLE,FAC-05,DEDICATED,True,PAT-0929
WRB-00929,WRIST_WEARABLE,RISA_SYNTHETIC,W-2,ACTIVITY_AND_PULSE,5-15 min,R3_VARIABLE,FAC-07,DEDICATED,True,PAT-0929
DEV-00930,CLINICAL_MONITOR,RISA_SYNTHETIC,M-1,MULTIVARIATE,VARIABLE,R2_STANDARD,FAC-01,DEDICATED,True,PAT-0930
WRB-00930,WRIST_WEARABLE,RISA_SYNTHETIC,W-3,ACTIVITY_AND_PULSE,5-15 min,R2_STANDARD,FAC-07,DEDICATED,True,PAT-0930
DEV-00931,HOME_MONITOR,RISA_SYNTHETIC,M-2,MULTIVARIATE,VARIABLE,R1_HIGH,FAC-05,DEDICATED,True,PAT-0931
WRB-00931,WRIST_WEARABLE,RISA_SYNTHETIC,W-4,ACTIVITY_AND_PULSE,5-15 min,R2_STANDARD,FAC-07,DEDICATED,True,PAT-0931
DEV-00932,HOME_MONITOR,RISA_SYNTHETIC,M-3,MULTIVARIATE,VARIABLE,R3_VARIABLE,FAC-05,DEDICATED,True,PAT-0932
WRB-00932,WRIST_WEARABLE,RISA_SYNTHETIC,W-1,ACTIVITY_AND_PULSE,5-15 min,R2_STANDARD,FAC-07,DEDICATED,True,PAT-0932
DEV-00933,CLINICAL_MONITOR,RISA_SYNTHETIC,M-4,MULTIVARIATE,VARIABLE,R2_STANDARD,FAC-01,DEDICATED,True,PAT-0933
WRB-00933,WRIST_WEARABLE,RISA_SYNTHETIC,W-2,ACTIVITY_AND_PULSE,5-15 min,R2_STANDARD,FAC-07,DEDICATED,True,PAT-0933
DEV-00934,HOME_MONITOR,RISA_SYNTHETIC,M-5,MULTIVARIATE,VARIABLE,R3_VARIABLE,FAC-05,DEDICATED,True,PAT-0934
WRB-00934,WRIST_WEARABLE,RISA_SYNTHETIC,W-3,ACTIVITY_AND_PULSE,5-15 min,R2_STANDARD,FAC-07,DEDICATED,True,PAT-0934
DEV-00935,HOME_MONITOR,RISA_SYNTHETIC,M-1,MULTIVARIATE,VARIABLE,R2_STANDARD,FAC-05,DEDICATED,True,PAT-0935
WRB-00935,WRIST_WEARABLE,RISA_SYNTHETIC,W-4,ACTIVITY_AND_PULSE,5-15 min,R2_STANDARD,FAC-07,DEDICATED,True,PAT-0935
DEV-00936,CLINICAL_MONITOR,RISA_SYNTHETIC,M-2,MULTIVARIATE,VARIABLE,R2_STANDARD,FAC-01,DEDICATED,True,PAT-0936
WRB-00936,WRIST_WEARABLE,RISA_SYNTHETIC,W-1,ACTIVITY_AND_PULSE,5-15 min,R2_STANDARD,FAC-07,DEDICATED,True,PAT-0936
DEV-00937,HOME_MONITOR,RISA_SYNTHETIC,M-3,MULTIVARIATE,VARIABLE,R1_HIGH,FAC-05,DEDICATED,True,PAT-0937
WRB-00937,WRIST_WEARABLE,RISA_SYNTHETIC,W-2,ACTIVITY_AND_PULSE,5-15 min,R2_STANDARD,FAC-07,DEDICATED,True,PAT-0937
DEV-00938,HOME_MONITOR,RISA_SYNTHETIC,M-4,MULTIVARIATE,VARIABLE,R3_VARIABLE,FAC-05,DEDICATED,True,PAT-0938
WRB-00938,WRIST_WEARABLE,RISA_SYNTHETIC,W-3,ACTIVITY_AND_PULSE,5-15 min,R2_STANDARD,FAC-07,DEDICATED,True,PAT-0938
DEV-00939,HOME_MONITOR,RISA_SYNTHETIC,M-5,MULTIVARIATE,VARIABLE,R1_HIGH,FAC-05,DEDICATED,True,PAT-0939
WRB-00939,WRIST_WEARABLE,RISA_SYNTHETIC,W-4,ACTIVITY_AND_PULSE,5-15 min,R3_VARIABLE,FAC-07,DEDICATED,True,PAT-0939
DEV-00940,HOME_MONITOR,RISA_SYNTHETIC,M-1,MULTIVARIATE,VARIABLE,R2_STANDARD,FAC-05,DEDICATED,True,PAT-0940
WRB-00940,WRIST_WEARABLE,RISA_SYNTHETIC,W-1,ACTIVITY_AND_PULSE,5-15 min,R2_STANDARD,FAC-07,DEDICATED,True,PAT-0940
DEV-00941,CLINICAL_MONITOR,RISA_SYNTHETIC,M-2,MULTIVARIATE,VARIABLE,R2_STANDARD,FAC-01,DEDICATED,True,PAT-0941
WRB-00941,WRIST_WEARABLE,RISA_SYNTHETIC,W-2,ACTIVITY_AND_PULSE,5-15 min,R2_STANDARD,FAC-07,DEDICATED,True,PAT-0941
DEV-00942,HOME_MONITOR,RISA_SYNTHETIC,M-3,MULTIVARIATE,VARIABLE,R1_HIGH,FAC-05,DEDICATED,True,PAT-0942
WRB-00942,WRIST_WEARABLE,RISA_SYNTHETIC,W-3,ACTIVITY_AND_PULSE,5-15 min,R2_STANDARD,FAC-07,DEDICATED,True,PAT-0942
DEV-00943,HOME_MONITOR,RISA_SYNTHETIC,M-4,MULTIVARIATE,VARIABLE,R3_VARIABLE,FAC-05,DEDICATED,True,PAT-0943
WRB-00943,WRIST_WEARABLE,RISA_SYNTHETIC,W-4,ACTIVITY_AND_PULSE,5-15 min,R2_STANDARD,FAC-07,DEDICATED,True,PAT-0943
DEV-00944,HOME_MONITOR,RISA_SYNTHETIC,M-5,MULTIVARIATE,VARIABLE,R2_STANDARD,FAC-05,DEDICATED,True,PAT-0944
WRB-00944,WRIST_WEARABLE,RISA_SYNTHETIC,W-1,ACTIVITY_AND_PULSE,5-15 min,R2_STANDARD,FAC-07,DEDICATED,True,PAT-0944
DEV-00945,HOME_MONITOR,RISA_SYNTHETIC,M-1,MULTIVARIATE,VARIABLE,R2_STANDARD,FAC-05,DEDICATED,True,PAT-0945
WRB-00945,WRIST_WEARABLE,RISA_SYNTHETIC,W-2,ACTIVITY_AND_PULSE,5-15 min,R2_STANDARD,FAC-07,DEDICATED,True,PAT-0945
DEV-00946,HOME_MONITOR,RISA_SYNTHETIC,M-2,MULTIVARIATE,VARIABLE,R2_STANDARD,FAC-05,DEDICATED,True,PAT-0946
WRB-00946,WRIST_WEARABLE,RISA_SYNTHETIC,W-3,ACTIVITY_AND_PULSE,5-15 min,R3_VARIABLE,FAC-07,DEDICATED,True,PAT-0946
DEV-00947,HOME_MONITOR,RISA_SYNTHETIC,M-3,MULTIVARIATE,VARIABLE,R3_VARIABLE,FAC-05,DEDICATED,True,PAT-0947
WRB-00947,WRIST_WEARABLE,RISA_SYNTHETIC,W-4,ACTIVITY_AND_PULSE,5-15 min,R2_STANDARD,FAC-07,DEDICATED,True,PAT-0947
DEV-00948,HOME_MONITOR,RISA_SYNTHETIC,M-4,MULTIVARIATE,VARIABLE,R2_STANDARD,FAC-05,DEDICATED,True,PAT-0948
WRB-00948,WRIST_WEARABLE,RISA_SYNTHETIC,W-1,ACTIVITY_AND_PULSE,5-15 min,R3_VARIABLE,FAC-07,DEDICATED,True,PAT-0948
DEV-00949,CLINICAL_MONITOR,RISA_SYNTHETIC,M-5,MULTIVARIATE,VARIABLE,R2_STANDARD,FAC-01,DEDICATED,True,PAT-0949
WRB-00949,WRIST_WEARABLE,RISA_SYNTHETIC,W-2,ACTIVITY_AND_PULSE,5-15 min,R2_STANDARD,FAC-07,DEDICATED,True,PAT-0949
DEV-00950,CLINICAL_MONITOR,RISA_SYNTHETIC,M-1,MULTIVARIATE,VARIABLE,R1_HIGH,FAC-01,DEDICATED,True,PAT-0950
WRB-00950,WRIST_WEARABLE,RISA_SYNTHETIC,W-3,ACTIVITY_AND_PULSE,5-15 min,R2_STANDARD,FAC-07,DEDICATED,True,PAT-0950
DEV-00951,CLINICAL_MONITOR,RISA_SYNTHETIC,M-2,MULTIVARIATE,VARIABLE,R2_STANDARD,FAC-01,DEDICATED,True,PAT-0951
WRB-00951,WRIST_WEARABLE,RISA_SYNTHETIC,W-4,ACTIVITY_AND_PULSE,5-15 min,R2_STANDARD,FAC-07,DEDICATED,True,PAT-0951
DEV-00952,CLINICAL_MONITOR,RISA_SYNTHETIC,M-3,MULTIVARIATE,VARIABLE,R3_VARIABLE,FAC-01,DEDICATED,True,PAT-0952
WRB-00952,WRIST_WEARABLE,RISA_SYNTHETIC,W-1,ACTIVITY_AND_PULSE,5-15 min,R2_STANDARD,FAC-07,DEDICATED,True,PAT-0952
DEV-00953,CLINICAL_MONITOR,RISA_SYNTHETIC,M-4,MULTIVARIATE,VARIABLE,R3_VARIABLE,FAC-01,DEDICATED,True,PAT-0953
WRB-00953,WRIST_WEARABLE,RISA_SYNTHETIC,W-2,ACTIVITY_AND_PULSE,5-15 min,R3_VARIABLE,FAC-07,DEDICATED,True,PAT-0953
DEV-00954,CLINICAL_MONITOR,RISA_SYNTHETIC,M-5,MULTIVARIATE,VARIABLE,R1_HIGH,FAC-01,DEDICATED,True,PAT-0954
WRB-00954,WRIST_WEARABLE,RISA_SYNTHETIC,W-3,ACTIVITY_AND_PULSE,5-15 min,R3_VARIABLE,FAC-07,DEDICATED,True,PAT-0954
DEV-00955,HOME_MONITOR,RISA_SYNTHETIC,M-1,MULTIVARIATE,VARIABLE,R3_VARIABLE,FAC-05,DEDICATED,True,PAT-0955
WRB-00955,WRIST_WEARABLE,RISA_SYNTHETIC,W-4,ACTIVITY_AND_PULSE,5-15 min,R2_STANDARD,FAC-07,DEDICATED,True,PAT-0955
DEV-00956,HOME_MONITOR,RISA_SYNTHETIC,M-2,MULTIVARIATE,VARIABLE,R1_HIGH,FAC-05,DEDICATED,True,PAT-0956
WRB-00956,WRIST_WEARABLE,RISA_SYNTHETIC,W-1,ACTIVITY_AND_PULSE,5-15 min,R2_STANDARD,FAC-07,DEDICATED,True,PAT-0956
DEV-00957,HOME_MONITOR,RISA_SYNTHETIC,M-3,MULTIVARIATE,VARIABLE,R1_HIGH,FAC-05,DEDICATED,True,PAT-0957
WRB-00957,WRIST_WEARABLE,RISA_SYNTHETIC,W-2,ACTIVITY_AND_PULSE,5-15 min,R2_STANDARD,FAC-07,DEDICATED,True,PAT-0957
DEV-00958,HOME_MONITOR,RISA_SYNTHETIC,M-4,MULTIVARIATE,VARIABLE,R3_VARIABLE,FAC-05,DEDICATED,True,PAT-0958
WRB-00958,WRIST_WEARABLE,RISA_SYNTHETIC,W-3,ACTIVITY_AND_PULSE,5-15 min,R2_STANDARD,FAC-07,DEDICATED,True,PAT-0958
DEV-00959,HOME_MONITOR,RISA_SYNTHETIC,M-5,MULTIVARIATE,VARIABLE,R1_HIGH,FAC-05,DEDICATED,True,PAT-0959
WRB-00959,WRIST_WEARABLE,RISA_SYNTHETIC,W-4,ACTIVITY_AND_PULSE,5-15 min,R2_STANDARD,FAC-07,DEDICATED,True,PAT-0959
DEV-00960,CLINICAL_MONITOR,RISA_SYNTHETIC,M-1,MULTIVARIATE,VARIABLE,R3_VARIABLE,FAC-01,DEDICATED,True,PAT-0960
WRB-00960,WRIST_WEARABLE,RISA_SYNTHETIC,W-1,ACTIVITY_AND_PULSE,5-15 min,R2_STANDARD,FAC-07,DEDICATED,True,PAT-0960
DEV-00961,CLINICAL_MONITOR,RISA_SYNTHETIC,M-2,MULTIVARIATE,VARIABLE,R1_HIGH,FAC-01,DEDICATED,True,PAT-0961
WRB-00961,WRIST_WEARABLE,RISA_SYNTHETIC,W-2,ACTIVITY_AND_PULSE,5-15 min,R2_STANDARD,FAC-07,DEDICATED,True,PAT-0961
DEV-00962,HOME_MONITOR,RISA_SYNTHETIC,M-3,MULTIVARIATE,VARIABLE,R2_STANDARD,FAC-05,DEDICATED,True,PAT-0962
WRB-00962,WRIST_WEARABLE,RISA_SYNTHETIC,W-3,ACTIVITY_AND_PULSE,5-15 min,R2_STANDARD,FAC-07,DEDICATED,True,PAT-0962
DEV-00963,HOME_MONITOR,RISA_SYNTHETIC,M-4,MULTIVARIATE,VARIABLE,R1_HIGH,FAC-05,DEDICATED,True,PAT-0963
WRB-00963,WRIST_WEARABLE,RISA_SYNTHETIC,W-4,ACTIVITY_AND_PULSE,5-15 min,R2_STANDARD,FAC-07,DEDICATED,True,PAT-0963
DEV-00964,CLINICAL_MONITOR,RISA_SYNTHETIC,M-5,MULTIVARIATE,VARIABLE,R1_HIGH,FAC-01,DEDICATED,True,PAT-0964
WRB-00964,WRIST_WEARABLE,RISA_SYNTHETIC,W-1,ACTIVITY_AND_PULSE,5-15 min,R2_STANDARD,FAC-07,DEDICATED,True,PAT-0964
DEV-00965,CLINICAL_MONITOR,RISA_SYNTHETIC,M-1,MULTIVARIATE,VARIABLE,R2_STANDARD,FAC-01,DEDICATED,True,PAT-0965
WRB-00965,WRIST_WEARABLE,RISA_SYNTHETIC,W-2,ACTIVITY_AND_PULSE,5-15 min,R2_STANDARD,FAC-07,DEDICATED,True,PAT-0965
DEV-00966,HOME_MONITOR,RISA_SYNTHETIC,M-2,MULTIVARIATE,VARIABLE,R2_STANDARD,FAC-05,DEDICATED,True,PAT-0966
WRB-00966,WRIST_WEARABLE,RISA_SYNTHETIC,W-3,ACTIVITY_AND_PULSE,5-15 min,R2_STANDARD,FAC-07,DEDICATED,True,PAT-0966
DEV-00967,CLINICAL_MONITOR,RISA_SYNTHETIC,M-3,MULTIVARIATE,VARIABLE,R1_HIGH,FAC-01,DEDICATED,True,PAT-0967
WRB-00967,WRIST_WEARABLE,RISA_SYNTHETIC,W-4,ACTIVITY_AND_PULSE,5-15 min,R3_VARIABLE,FAC-07,DEDICATED,True,PAT-0967
DEV-00968,HOME_MONITOR,RISA_SYNTHETIC,M-4,MULTIVARIATE,VARIABLE,R2_STANDARD,FAC-05,DEDICATED,True,PAT-0968
WRB-00968,WRIST_WEARABLE,RISA_SYNTHETIC,W-1,ACTIVITY_AND_PULSE,5-15 min,R3_VARIABLE,FAC-07,DEDICATED,True,PAT-0968
DEV-00969,CLINICAL_MONITOR,RISA_SYNTHETIC,M-5,MULTIVARIATE,VARIABLE,R3_VARIABLE,FAC-01,DEDICATED,True,PAT-0969
WRB-00969,WRIST_WEARABLE,RISA_SYNTHETIC,W-2,ACTIVITY_AND_PULSE,5-15 min,R3_VARIABLE,FAC-07,DEDICATED,True,PAT-0969
DEV-00970,HOME_MONITOR,RISA_SYNTHETIC,M-1,MULTIVARIATE,VARIABLE,R2_STANDARD,FAC-05,DEDICATED,True,PAT-0970
WRB-00970,WRIST_WEARABLE,RISA_SYNTHETIC,W-3,ACTIVITY_AND_PULSE,5-15 min,R2_STANDARD,FAC-07,DEDICATED,True,PAT-0970
DEV-00971,CLINICAL_MONITOR,RISA_SYNTHETIC,M-2,MULTIVARIATE,VARIABLE,R1_HIGH,FAC-01,DEDICATED,True,PAT-0971
WRB-00971,WRIST_WEARABLE,RISA_SYNTHETIC,W-4,ACTIVITY_AND_PULSE,5-15 min,R3_VARIABLE,FAC-07,DEDICATED,True,PAT-0971
DEV-00972,HOME_MONITOR,RISA_SYNTHETIC,M-3,MULTIVARIATE,VARIABLE,R1_HIGH,FAC-05,DEDICATED,True,PAT-0972
WRB-00972,WRIST_WEARABLE,RISA_SYNTHETIC,W-1,ACTIVITY_AND_PULSE,5-15 min,R2_STANDARD,FAC-07,DEDICATED,True,PAT-0972
DEV-00973,HOME_MONITOR,RISA_SYNTHETIC,M-4,MULTIVARIATE,VARIABLE,R3_VARIABLE,FAC-05,DEDICATED,True,PAT-0973
WRB-00973,WRIST_WEARABLE,RISA_SYNTHETIC,W-2,ACTIVITY_AND_PULSE,5-15 min,R2_STANDARD,FAC-07,DEDICATED,True,PAT-0973
DEV-00974,HOME_MONITOR,RISA_SYNTHETIC,M-5,MULTIVARIATE,VARIABLE,R1_HIGH,FAC-05,DEDICATED,True,PAT-0974
WRB-00974,WRIST_WEARABLE,RISA_SYNTHETIC,W-3,ACTIVITY_AND_PULSE,5-15 min,R2_STANDARD,FAC-07,DEDICATED,True,PAT-0974
DEV-00975,HOME_MONITOR,RISA_SYNTHETIC,M-1,MULTIVARIATE,VARIABLE,R2_STANDARD,FAC-05,DEDICATED,True,PAT-0975
WRB-00975,WRIST_WEARABLE,RISA_SYNTHETIC,W-4,ACTIVITY_AND_PULSE,5-15 min,R2_STANDARD,FAC-07,DEDICATED,True,PAT-0975
DEV-00976,HOME_MONITOR,RISA_SYNTHETIC,M-2,MULTIVARIATE,VARIABLE,R1_HIGH,FAC-05,DEDICATED,True,PAT-0976
WRB-00976,WRIST_WEARABLE,RISA_SYNTHETIC,W-1,ACTIVITY_AND_PULSE,5-15 min,R3_VARIABLE,FAC-07,DEDICATED,True,PAT-0976
DEV-00977,CLINICAL_MONITOR,RISA_SYNTHETIC,M-3,MULTIVARIATE,VARIABLE,R2_STANDARD,FAC-01,DEDICATED,True,PAT-0977
WRB-00977,WRIST_WEARABLE,RISA_SYNTHETIC,W-2,ACTIVITY_AND_PULSE,5-15 min,R3_VARIABLE,FAC-07,DEDICATED,True,PAT-0977
DEV-00978,HOME_MONITOR,RISA_SYNTHETIC,M-4,MULTIVARIATE,VARIABLE,R2_STANDARD,FAC-05,DEDICATED,True,PAT-0978
WRB-00978,WRIST_WEARABLE,RISA_SYNTHETIC,W-3,ACTIVITY_AND_PULSE,5-15 min,R2_STANDARD,FAC-07,DEDICATED,True,PAT-0978
DEV-00979,HOME_MONITOR,RISA_SYNTHETIC,M-5,MULTIVARIATE,VARIABLE,R2_STANDARD,FAC-05,DEDICATED,True,PAT-0979
WRB-00979,WRIST_WEARABLE,RISA_SYNTHETIC,W-4,ACTIVITY_AND_PULSE,5-15 min,R2_STANDARD,FAC-07,DEDICATED,True,PAT-0979
DEV-00980,HOME_MONITOR,RISA_SYNTHETIC,M-1,MULTIVARIATE,VARIABLE,R2_STANDARD,FAC-05,DEDICATED,True,PAT-0980
WRB-00980,WRIST_WEARABLE,RISA_SYNTHETIC,W-1,ACTIVITY_AND_PULSE,5-15 min,R2_STANDARD,FAC-07,DEDICATED,True,PAT-0980
DEV-00981,CLINICAL_MONITOR,RISA_SYNTHETIC,M-2,MULTIVARIATE,VARIABLE,R2_STANDARD,FAC-01,DEDICATED,True,PAT-0981
WRB-00981,WRIST_WEARABLE,RISA_SYNTHETIC,W-2,ACTIVITY_AND_PULSE,5-15 min,R2_STANDARD,FAC-07,DEDICATED,True,PAT-0981
DEV-00982,HOME_MONITOR,RISA_SYNTHETIC,M-3,MULTIVARIATE,VARIABLE,R1_HIGH,FAC-05,DEDICATED,True,PAT-0982
WRB-00982,WRIST_WEARABLE,RISA_SYNTHETIC,W-3,ACTIVITY_AND_PULSE,5-15 min,R3_VARIABLE,FAC-07,DEDICATED,True,PAT-0982
DEV-00983,HOME_MONITOR,RISA_SYNTHETIC,M-4,MULTIVARIATE,VARIABLE,R2_STANDARD,FAC-05,DEDICATED,True,PAT-0983
WRB-00983,WRIST_WEARABLE,RISA_SYNTHETIC,W-4,ACTIVITY_AND_PULSE,5-15 min,R2_STANDARD,FAC-07,DEDICATED,True,PAT-0983
DEV-00984,CLINICAL_MONITOR,RISA_SYNTHETIC,M-5,MULTIVARIATE,VARIABLE,R1_HIGH,FAC-01,DEDICATED,True,PAT-0984
WRB-00984,WRIST_WEARABLE,RISA_SYNTHETIC,W-1,ACTIVITY_AND_PULSE,5-15 min,R2_STANDARD,FAC-07,DEDICATED,True,PAT-0984
DEV-00985,CLINICAL_MONITOR,RISA_SYNTHETIC,M-1,MULTIVARIATE,VARIABLE,R2_STANDARD,FAC-01,DEDICATED,True,PAT-0985
WRB-00985,WRIST_WEARABLE,RISA_SYNTHETIC,W-2,ACTIVITY_AND_PULSE,5-15 min,R3_VARIABLE,FAC-07,DEDICATED,True,PAT-0985
DEV-00986,HOME_MONITOR,RISA_SYNTHETIC,M-2,MULTIVARIATE,VARIABLE,R2_STANDARD,FAC-05,DEDICATED,True,PAT-0986
WRB-00986,WRIST_WEARABLE,RISA_SYNTHETIC,W-3,ACTIVITY_AND_PULSE,5-15 min,R3_VARIABLE,FAC-07,DEDICATED,True,PAT-0986
DEV-00987,HOME_MONITOR,RISA_SYNTHETIC,M-3,MULTIVARIATE,VARIABLE,R1_HIGH,FAC-05,DEDICATED,True,PAT-0987
WRB-00987,WRIST_WEARABLE,RISA_SYNTHETIC,W-4,ACTIVITY_AND_PULSE,5-15 min,R2_STANDARD,FAC-07,DEDICATED,True,PAT-0987
DEV-00988,HOME_MONITOR,RISA_SYNTHETIC,M-4,MULTIVARIATE,VARIABLE,R3_VARIABLE,FAC-05,DEDICATED,True,PAT-0988
WRB-00988,WRIST_WEARABLE,RISA_SYNTHETIC,W-1,ACTIVITY_AND_PULSE,5-15 min,R2_STANDARD,FAC-07,DEDICATED,True,PAT-0988
DEV-00989,CLINICAL_MONITOR,RISA_SYNTHETIC,M-5,MULTIVARIATE,VARIABLE,R2_STANDARD,FAC-01,DEDICATED,True,PAT-0989
WRB-00989,WRIST_WEARABLE,RISA_SYNTHETIC,W-2,ACTIVITY_AND_PULSE,5-15 min,R2_STANDARD,FAC-07,DEDICATED,True,PAT-0989
DEV-00990,HOME_MONITOR,RISA_SYNTHETIC,M-1,MULTIVARIATE,VARIABLE,R2_STANDARD,FAC-05,DEDICATED,True,PAT-0990
WRB-00990,WRIST_WEARABLE,RISA_SYNTHETIC,W-3,ACTIVITY_AND_PULSE,5-15 min,R2_STANDARD,FAC-07,DEDICATED,True,PAT-0990
DEV-00991,HOME_MONITOR,RISA_SYNTHETIC,M-2,MULTIVARIATE,VARIABLE,R2_STANDARD,FAC-05,DEDICATED,True,PAT-0991
WRB-00991,WRIST_WEARABLE,RISA_SYNTHETIC,W-4,ACTIVITY_AND_PULSE,5-15 min,R3_VARIABLE,FAC-07,DEDICATED,True,PAT-0991
DEV-00992,HOME_MONITOR,RISA_SYNTHETIC,M-3,MULTIVARIATE,VARIABLE,R2_STANDARD,FAC-05,DEDICATED,True,PAT-0992
WRB-00992,WRIST_WEARABLE,RISA_SYNTHETIC,W-1,ACTIVITY_AND_PULSE,5-15 min,R2_STANDARD,FAC-07,DEDICATED,True,PAT-0992
DEV-00993,HOME_MONITOR,RISA_SYNTHETIC,M-4,MULTIVARIATE,VARIABLE,R2_STANDARD,FAC-05,DEDICATED,True,PAT-0993
WRB-00993,WRIST_WEARABLE,RISA_SYNTHETIC,W-2,ACTIVITY_AND_PULSE,5-15 min,R2_STANDARD,FAC-07,DEDICATED,True,PAT-0993
DEV-00994,HOME_MONITOR,RISA_SYNTHETIC,M-5,MULTIVARIATE,VARIABLE,R1_HIGH,FAC-05,DEDICATED,True,PAT-0994
WRB-00994,WRIST_WEARABLE,RISA_SYNTHETIC,W-3,ACTIVITY_AND_PULSE,5-15 min,R2_STANDARD,FAC-07,DEDICATED,True,PAT-0994
DEV-00995,CLINICAL_MONITOR,RISA_SYNTHETIC,M-1,MULTIVARIATE,VARIABLE,R2_STANDARD,FAC-01,DEDICATED,True,PAT-0995
WRB-00995,WRIST_WEARABLE,RISA_SYNTHETIC,W-4,ACTIVITY_AND_PULSE,5-15 min,R3_VARIABLE,FAC-07,DEDICATED,True,PAT-0995
DEV-00996,CLINICAL_MONITOR,RISA_SYNTHETIC,M-2,MULTIVARIATE,VARIABLE,R2_STANDARD,FAC-01,DEDICATED,True,PAT-0996
WRB-00996,WRIST_WEARABLE,RISA_SYNTHETIC,W-1,ACTIVITY_AND_PULSE,5-15 min,R3_VARIABLE,FAC-07,DEDICATED,True,PAT-0996
DEV-00997,HOME_MONITOR,RISA_SYNTHETIC,M-3,MULTIVARIATE,VARIABLE,R2_STANDARD,FAC-05,DEDICATED,True,PAT-0997
WRB-00997,WRIST_WEARABLE,RISA_SYNTHETIC,W-2,ACTIVITY_AND_PULSE,5-15 min,R2_STANDARD,FAC-07,DEDICATED,True,PAT-0997
DEV-00998,CLINICAL_MONITOR,RISA_SYNTHETIC,M-4,MULTIVARIATE,VARIABLE,R2_STANDARD,FAC-01,DEDICATED,True,PAT-0998
WRB-00998,WRIST_WEARABLE,RISA_SYNTHETIC,W-3,ACTIVITY_AND_PULSE,5-15 min,R2_STANDARD,FAC-07,DEDICATED,True,PAT-0998
DEV-00999,HOME_MONITOR,RISA_SYNTHETIC,M-5,MULTIVARIATE,VARIABLE,R2_STANDARD,FAC-05,DEDICATED,True,PAT-0999
WRB-00999,WRIST_WEARABLE,RISA_SYNTHETIC,W-4,ACTIVITY_AND_PULSE,5-15 min,R2_STANDARD,FAC-07,DEDICATED,True,PAT-0999
DEV-01000,CLINICAL_MONITOR,RISA_SYNTHETIC,M-1,MULTIVARIATE,VARIABLE,R1_HIGH,FAC-01,DEDICATED,True,PAT-1000
WRB-01000,WRIST_WEARABLE,RISA_SYNTHETIC,W-1,ACTIVITY_AND_PULSE,5-15 min,R2_STANDARD,FAC-07,DEDICATED,True,PAT-1000
